estado,origem,destino
RJ,330010,330380
RJ,330010,330440
RJ,330010,330260
RJ,330015,330470
RJ,330015,330090
RJ,330015,330210
RJ,330020,330130
RJ,330020,330187
RJ,330020,330025
RJ,330020,330520
RJ,330020,330550
RJ,330020,330070
RJ,330020,330430
RJ,330020,330560
RJ,330022,330390
RJ,330022,330515
RJ,330022,330600
RJ,330022,330370
RJ,330023,330070
RJ,330025,330020
RJ,330025,330520
RJ,330025,330187
RJ,330025,330070
RJ,330030,330630
RJ,330030,330620
RJ,330030,330040
RJ,330030,330610
RJ,330030,330395
RJ,330030,330280
RJ,330030,330400
RJ,330040,330630
RJ,330040,330420
RJ,330040,330412
RJ,330040,330400
RJ,330040,330411
RJ,330040,330610
RJ,330040,330030
RJ,330040,330440
RJ,330045,330170
RJ,330045,330285
RJ,330045,330350
RJ,330045,330510
RJ,330050,330590
RJ,330050,330340
RJ,330050,330160
RJ,330050,330150
RJ,330060,330100
RJ,330060,330310
RJ,330060,330220
RJ,330060,330615
RJ,330070,330020
RJ,330070,330025
RJ,330070,330520
RJ,330070,330130
RJ,330070,330023
RJ,330080,330430
RJ,330080,330340
RJ,330080,330190
RJ,330080,330575
RJ,330080,330560
RJ,330080,330185
RJ,330080,330580
RJ,330090,330015
RJ,330090,330480
RJ,330090,330210
RJ,330090,330220
RJ,330090,330513
RJ,330090,330470
RJ,330090,330205
RJ,330093,330240
RJ,330093,330415
RJ,330093,330140
RJ,330095,330600
RJ,330095,330370
RJ,330100,330460
RJ,330100,330415
RJ,330100,330480
RJ,330100,330060
RJ,330100,330205
RJ,330100,330500
RJ,330100,330475
RJ,330100,330220
RJ,330100,330140
RJ,330100,330115
RJ,330110,330530
RJ,330110,330210
RJ,330110,330245
RJ,330110,330470
RJ,330110,330160
RJ,330110,330150
RJ,330110,330120
RJ,330115,330100
RJ,330115,330205
RJ,330115,330480
RJ,330120,330540
RJ,330120,330160
RJ,330120,330570
RJ,330120,330110
RJ,330130,330020
RJ,330130,330340
RJ,330130,330452
RJ,330130,330070
RJ,330130,330240
RJ,330130,330560
RJ,330140,330415
RJ,330140,330460
RJ,330140,330590
RJ,330140,330093
RJ,330140,330100
RJ,330140,330240
RJ,330150,330050
RJ,330150,330590
RJ,330150,330245
RJ,330150,330160
RJ,330150,330110
RJ,330160,330050
RJ,330160,330120
RJ,330160,330340
RJ,330160,330570
RJ,330160,330150
RJ,330160,330110
RJ,330170,330290
RJ,330170,330045
RJ,330170,330510
RJ,330170,330390
RJ,330170,330350
RJ,330170,330455
RJ,330170,330250
RJ,330180,330620
RJ,330180,330280
RJ,330180,330360
RJ,330180,330290
RJ,330185,330080
RJ,330185,330390
RJ,330185,330190
RJ,330185,330250
RJ,330185,330580
RJ,330187,330020
RJ,330187,330025
RJ,330187,330520
RJ,330190,330080
RJ,330190,330430
RJ,330190,330575
RJ,330190,330270
RJ,330190,330490
RJ,330190,330185
RJ,330200,330555
RJ,330200,330260
RJ,330200,330350
RJ,330200,330455
RJ,330200,330400
RJ,330200,330360
RJ,330200,330440
RJ,330205,330480
RJ,330205,330220
RJ,330205,330100
RJ,330205,330090
RJ,330205,330115
RJ,330210,330015
RJ,330210,330480
RJ,330210,330530
RJ,330210,330470
RJ,330210,330090
RJ,330210,330110
RJ,330220,330100
RJ,330220,330230
RJ,330220,330060
RJ,330220,330310
RJ,330220,330205
RJ,330220,330300
RJ,330220,330513
RJ,330220,330090
RJ,330225,330420
RJ,330227,330555
RJ,330227,330290
RJ,330227,330350
RJ,330227,330414
RJ,330227,330360
RJ,330230,330220
RJ,330230,330300
RJ,330240,330590
RJ,330240,330340
RJ,330240,330093
RJ,330240,330140
RJ,330240,330452
RJ,330240,330130
RJ,330245,330590
RJ,330245,330530
RJ,330245,330150
RJ,330245,330110
RJ,330250,330390
RJ,330250,330185
RJ,330250,330170
RJ,330260,330010
RJ,330260,330440
RJ,330260,330200
RJ,330270,330550
RJ,330270,330330
RJ,330270,330490
RJ,330270,330190
RJ,330270,330575
RJ,330280,330620
RJ,330280,330180
RJ,330280,330030
RJ,330280,330400
RJ,330280,330360
RJ,330285,330045
RJ,330285,330510
RJ,330285,330350
RJ,330285,330455
RJ,330285,330320
RJ,330290,330390
RJ,330290,330227
RJ,330290,330360
RJ,330290,330385
RJ,330290,330620
RJ,330290,330180
RJ,330290,330350
RJ,330290,330170
RJ,330300,330470
RJ,330300,330230
RJ,330300,330220
RJ,330300,330513
RJ,330310,330060
RJ,330310,330410
RJ,330310,330220
RJ,330310,330615
RJ,330320,330285
RJ,330320,330455
RJ,330320,330510
RJ,330330,330270
RJ,330330,330490
RJ,330340,330050
RJ,330340,330240
RJ,330340,330130
RJ,330340,330580
RJ,330340,330080
RJ,330340,330590
RJ,330340,330570
RJ,330340,330160
RJ,330340,330560
RJ,330350,330555
RJ,330350,330290
RJ,330350,330285
RJ,330350,330227
RJ,330350,330200
RJ,330350,330045
RJ,330350,330170
RJ,330350,330414
RJ,330350,330455
RJ,330360,330555
RJ,330360,330290
RJ,330360,330180
RJ,330360,330280
RJ,330360,330227
RJ,330360,330400
RJ,330360,330200
RJ,330370,330620
RJ,330370,330095
RJ,330370,330390
RJ,330370,330600
RJ,330370,330450
RJ,330370,330022
RJ,330370,330385
RJ,330380,330010
RJ,330385,330390
RJ,330385,330620
RJ,330385,330290
RJ,330385,330370
RJ,330390,330290
RJ,330390,330370
RJ,330390,330185
RJ,330390,330250
RJ,330390,330580
RJ,330390,330515
RJ,330390,330385
RJ,330390,330170
RJ,330390,330022
RJ,330395,330630
RJ,330395,330030
RJ,330395,330400
RJ,330400,330630
RJ,330400,330395
RJ,330400,330040
RJ,330400,330200
RJ,330400,330360
RJ,330400,330280
RJ,330400,330030
RJ,330400,330440
RJ,330410,330310
RJ,330410,330615
RJ,330411,330420
RJ,330411,330040
RJ,330411,330412
RJ,330412,330420
RJ,330412,330040
RJ,330412,330610
RJ,330412,330411
RJ,330414,330555
RJ,330414,330227
RJ,330414,330350
RJ,330415,330100
RJ,330415,330093
RJ,330415,330140
RJ,330420,330411
RJ,330420,330225
RJ,330420,330412
RJ,330420,330040
RJ,330430,330020
RJ,330430,330080
RJ,330430,330550
RJ,330430,330575
RJ,330430,330190
RJ,330430,330560
RJ,330440,330260
RJ,330440,330010
RJ,330440,330040
RJ,330440,330400
RJ,330440,330200
RJ,330450,330620
RJ,330450,330370
RJ,330450,330610
RJ,330452,330240
RJ,330452,330130
RJ,330455,330320
RJ,330455,330555
RJ,330455,330350
RJ,330455,330510
RJ,330455,330170
RJ,330455,330285
RJ,330455,330200
RJ,330460,330590
RJ,330460,330480
RJ,330460,330530
RJ,330460,330140
RJ,330460,330100
RJ,330470,330015
RJ,330470,330513
RJ,330470,330210
RJ,330470,330090
RJ,330470,330300
RJ,330470,330110
RJ,330475,330100
RJ,330475,330500
RJ,330480,330460
RJ,330480,330530
RJ,330480,330210
RJ,330480,330090
RJ,330480,330100
RJ,330480,330205
RJ,330480,330115
RJ,330490,330270
RJ,330490,330190
RJ,330490,330330
RJ,330500,330100
RJ,330500,330475
RJ,330510,330170
RJ,330510,330045
RJ,330510,330285
RJ,330510,330455
RJ,330510,330320
RJ,330513,330470
RJ,330513,330090
RJ,330513,330220
RJ,330513,330300
RJ,330515,330022
RJ,330515,330540
RJ,330515,330390
RJ,330515,330600
RJ,330515,330570
RJ,330515,330580
RJ,330520,330020
RJ,330520,330025
RJ,330520,330187
RJ,330520,330070
RJ,330530,330460
RJ,330530,330590
RJ,330530,330210
RJ,330530,330245
RJ,330530,330480
RJ,330530,330110
RJ,330540,330515
RJ,330540,330600
RJ,330540,330570
RJ,330540,330120
RJ,330550,330020
RJ,330550,330270
RJ,330550,330430
RJ,330550,330575
RJ,330555,330350
RJ,330555,330455
RJ,330555,330414
RJ,330555,330227
RJ,330555,330200
RJ,330555,330360
RJ,330560,330020
RJ,330560,330080
RJ,330560,330340
RJ,330560,330130
RJ,330560,330430
RJ,330570,330515
RJ,330570,330120
RJ,330570,330340
RJ,330570,330540
RJ,330570,330160
RJ,330570,330580
RJ,330575,330080
RJ,330575,330550
RJ,330575,330190
RJ,330575,330270
RJ,330575,330430
RJ,330580,330080
RJ,330580,330515
RJ,330580,330340
RJ,330580,330570
RJ,330580,330390
RJ,330580,330185
RJ,330590,330050
RJ,330590,330460
RJ,330590,330530
RJ,330590,330240
RJ,330590,330340
RJ,330590,330245
RJ,330590,330140
RJ,330590,330150
RJ,330600,330515
RJ,330600,330540
RJ,330600,330370
RJ,330600,330022
RJ,330600,330095
RJ,330610,330620
RJ,330610,330412
RJ,330610,330030
RJ,330610,330040
RJ,330610,330450
RJ,330615,330060
RJ,330615,330410
RJ,330615,330310
RJ,330620,330290
RJ,330620,330370
RJ,330620,330385
RJ,330620,330180
RJ,330620,330280
RJ,330620,330610
RJ,330620,330030
RJ,330620,330450
RJ,330630,330040
RJ,330630,330400
RJ,330630,330030
RJ,330630,330395
SP,350010,355630
SP,350010,352740
SP,350010,352890
SP,350010,351600
SP,350020,354480
SP,350020,355535
SP,350020,354460
SP,350020,352950
SP,350020,351720
SP,350020,354160
SP,350030,351080
SP,350030,352670
SP,350030,354630
SP,350030,353930
SP,350030,355640
SP,350030,353070
SP,350030,354910
SP,350030,351518
SP,350040,355640
SP,350040,355080
SP,350040,354910
SP,350050,352260
SP,350050,355210
SP,350050,352700
SP,350055,352860
SP,350055,353380
SP,350055,351925
SP,350055,354640
SP,350055,351140
SP,350055,350070
SP,350060,355040
SP,350070,350055
SP,350070,352680
SP,350070,353670
SP,350070,350745
SP,350070,353940
SP,350070,351925
SP,350070,351519
SP,350070,353657
SP,350070,350600
SP,350070,354640
SP,350075,355400
SP,350075,352230
SP,350075,351030
SP,350075,355110
SP,350080,354120
SP,350080,354140
SP,350080,354830
SP,350080,350130
SP,350090,351750
SP,350090,351980
SP,350090,351790
SP,350090,353400
SP,350090,353390
SP,350090,353300
SP,350100,353630
SP,350100,355150
SP,350100,354625
SP,350100,350940
SP,350100,355140
SP,350100,350780
SP,350100,354790
SP,350100,350590
SP,350110,351700
SP,350110,350770
SP,350110,353730
SP,350110,350440
SP,350110,352770
SP,350110,354160
SP,350115,355220
SP,350115,355700
SP,350115,352840
SP,350115,351970
SP,350120,353690
SP,350120,353625
SP,350120,351070
SP,350120,354030
SP,350120,350180
SP,350120,351290
SP,350120,355710
SP,350130,354120
SP,350130,353920
SP,350130,354140
SP,350130,350080
SP,350130,355390
SP,350140,355660
SP,350140,353890
SP,350140,351670
SP,350140,352580
SP,350140,352900
SP,350140,351810
SP,350150,351670
SP,350150,351660
SP,350150,352780
SP,350150,355550
SP,350150,355050
SP,350160,352690
SP,350160,353340
SP,350160,354580
SP,350160,353650
SP,350160,351280
SP,350170,354890
SP,350170,350320
SP,350170,354370
SP,350170,354690
SP,350180,351290
SP,350180,350120
SP,350180,354030
SP,350180,353500
SP,350190,353710
SP,350190,355160
SP,350190,355495
SP,350190,352260
SP,350190,354800
SP,350190,353200
SP,350190,353120
SP,350200,351270
SP,350200,353930
SP,350200,354890
SP,350200,352360
SP,350200,351370
SP,350200,354620
SP,350210,353740
SP,350210,351780
SP,350210,352300
SP,350210,351100
SP,350210,353210
SP,350210,353320
SP,350210,352044
SP,350210,353010
SP,350220,350690
SP,350220,353580
SP,350220,350945
SP,350220,352350
SP,350220,350800
SP,350220,351850
SP,350220,352230
SP,350230,354700
SP,350230,350750
SP,350230,350690
SP,350230,351230
SP,350230,353870
SP,350240,355290
SP,350240,353920
SP,350240,354240
SP,350240,354140
SP,350240,353220
SP,350250,354430
SP,350250,354075
SP,350250,351840
SP,350250,352630
SP,350260,354450
SP,350260,355255
SP,350260,355230
SP,350260,353520
SP,350260,354660
SP,350260,352910
SP,350260,353284
SP,350270,352120
SP,350270,354280
SP,350270,352215
SP,350270,353282
SP,350270,351760
SP,350270,350715
SP,350270,350535
SP,350270,354300
SP,350275,353910
SP,350275,352250
SP,350275,352390
SP,350275,354730
SP,350275,355060
SP,350275,350840
SP,350280,353740
SP,350280,350640
SP,350280,355630
SP,350280,352650
SP,350280,354805
SP,350280,351650
SP,350280,350650
SP,350280,350810
SP,350280,351820
SP,350280,353010
SP,350290,351030
SP,350290,352100
SP,350290,354530
SP,350290,355110
SP,350290,355220
SP,350300,352410
SP,350300,352970
SP,350300,350820
SP,350300,352010
SP,350310,351140
SP,350310,350450
SP,350310,352180
SP,350315,350490
SP,350315,354960
SP,350320,350670
SP,350320,354290
SP,350320,350170
SP,350320,354690
SP,350320,351930
SP,350320,354890
SP,350320,352930
SP,350320,351685
SP,350320,354370
SP,350320,353205
SP,350330,354670
SP,350330,351240
SP,350330,354390
SP,350330,352670
SP,350330,351270
SP,350330,352690
SP,350330,353070
SP,350330,351220
SP,350330,351515
SP,350335,351900
SP,350335,352770
SP,350335,354840
SP,350335,355500
SP,350335,351920
SP,350335,354180
SP,350340,351910
SP,350340,354250
SP,350340,350520
SP,350340,350600
SP,350340,353670
SP,350340,352200
SP,350350,355200
SP,350350,354190
SP,350350,351360
SP,350350,354960
SP,350360,355010
SP,350360,352800
SP,350360,352680
SP,350360,352000
SP,350370,353130
SP,350370,353510
SP,350370,351560
SP,350370,355690
SP,350370,353900
SP,350370,353810
SP,350370,354560
SP,350380,352690
SP,350380,353080
SP,350380,351515
SP,350380,351905
SP,350380,351280
SP,350390,353060
SP,350390,354680
SP,350390,352310
SP,350390,351880
SP,350395,354765
SP,350395,354720
SP,350395,355580
SP,350395,354570
SP,350395,354740
SP,350400,352880
SP,350400,353550
SP,350400,351470
SP,350400,355395
SP,350400,353970
SP,350400,352790
SP,350400,351000
SP,350410,350960
SP,350410,350710
SP,350410,353860
SP,350410,352850
SP,350410,352520
SP,350410,351640
SP,350410,351630
SP,350410,350760
SP,350410,353240
SP,350420,351690
SP,350420,353520
SP,350420,351890
SP,350420,354025
SP,350420,351385
SP,350420,354805
SP,350430,353890
SP,350430,354250
SP,350430,350600
SP,350430,351660
SP,350430,354110
SP,350430,351450
SP,350430,353940
SP,350440,350110
SP,350440,350510
SP,350440,354160
SP,350440,353730
SP,350450,352680
SP,350450,353580
SP,350450,351140
SP,350450,354105
SP,350450,350745
SP,350450,351925
SP,350450,350750
SP,350450,352180
SP,350450,352350
SP,350450,350310
SP,350460,353030
SP,350460,354080
SP,350460,354980
SP,350460,353280
SP,350460,351130
SP,350470,355590
SP,350470,353890
SP,350480,353030
SP,350480,353040
SP,350480,355340
SP,350480,353140
SP,350480,353250
SP,350490,350315
SP,350490,354960
SP,350500,352280
SP,350500,351540
SP,350510,355535
SP,350510,355715
SP,350510,353730
SP,350510,350440
SP,350510,352570
SP,350510,354160
SP,350520,352530
SP,350520,350670
SP,350520,350680
SP,350520,350730
SP,350520,353670
SP,350520,352290
SP,350520,350340
SP,350520,352200
SP,350530,352530
SP,350530,352800
SP,350530,352000
SP,350530,355010
SP,350530,352980
SP,350535,350270
SP,350535,352265
SP,350535,350715
SP,350535,354280
SP,350540,352120
SP,350540,350925
SP,350540,350990
SP,350540,351480
SP,350540,352460
SP,350550,351210
SP,350550,353190
SP,350550,351790
SP,350550,351740
SP,350550,355190
SP,350550,351200
SP,350550,352420
SP,350550,353390
SP,350560,351460
SP,350560,351885
SP,350560,352430
SP,350560,354090
SP,350560,355170
SP,350570,352250
SP,350570,353440
SP,350570,355030
SP,350570,354730
SP,350570,352500
SP,350570,351060
SP,350580,354220
SP,350580,355500
SP,350580,351920
SP,350580,353600
SP,350590,354950
SP,350590,354490
SP,350590,352510
SP,350590,353630
SP,350590,350100
SP,350590,351620
SP,350590,354270
SP,350590,350780
SP,350590,353360
SP,350600,354250
SP,350600,350070
SP,350600,350340
SP,350600,350430
SP,350600,353670
SP,350600,351450
SP,350600,353940
SP,350610,355365
SP,350610,355680
SP,350610,355320
SP,350610,353900
SP,350610,353150
SP,350610,353950
SP,350610,355440
SP,350610,355310
SP,350610,351200
SP,350620,355630
SP,350620,352740
SP,350620,354440
SP,350620,351820
SP,350630,354640
SP,350630,353380
SP,350630,353880
SP,350630,352090
SP,350635,351870
SP,350635,350660
SP,350635,354850
SP,350635,353060
SP,350635,355070
SP,350635,354500
SP,350640,350280
SP,350640,350650
SP,350640,351190
SP,350640,351250
SP,350640,351650
SP,350650,350280
SP,350650,350640
SP,350650,350810
SP,350650,350775
SP,350650,351250
SP,350660,353060
SP,350660,350635
SP,350660,351830
SP,350660,354500
SP,350670,351960
SP,350670,350520
SP,350670,354290
SP,350670,350680
SP,350670,355475
SP,350670,350320
SP,350670,351430
SP,350670,352200
SP,350670,353290
SP,350670,351685
SP,350680,352530
SP,350680,351430
SP,350680,350520
SP,350680,350670
SP,350690,355465
SP,350690,353610
SP,350690,350220
SP,350690,351230
SP,350690,351850
SP,350690,350750
SP,350690,350230
SP,350690,354050
SP,350690,352350
SP,350700,354060
SP,350700,352100
SP,350700,355400
SP,350700,351150
SP,350700,355450
SP,350710,353240
SP,350710,350410
SP,350710,353860
SP,350715,350270
SP,350715,353282
SP,350715,352320
SP,350715,350535
SP,350720,354170
SP,350720,353550
SP,350720,354200
SP,350720,352790
SP,350730,352290
SP,350730,353670
SP,350730,350520
SP,350740,352270
SP,350740,351960
SP,350740,352190
SP,350740,353890
SP,350740,351910
SP,350740,353350
SP,350740,354250
SP,350745,351925
SP,350745,350070
SP,350745,352680
SP,350745,350450
SP,350750,351410
SP,350750,352680
SP,350750,350450
SP,350750,354105
SP,350750,355010
SP,350750,353610
SP,350750,354700
SP,350750,350690
SP,350750,350230
SP,350750,352350
SP,350760,353680
SP,350760,353860
SP,350760,352520
SP,350760,355495
SP,350760,350410
SP,350760,352340
SP,350760,353200
SP,350760,355635
SP,350760,353820
SP,350770,350110
SP,350770,352770
SP,350770,351190
SP,350770,351250
SP,350770,351710
SP,350770,353730
SP,350775,351250
SP,350775,351710
SP,350775,350650
SP,350775,350810
SP,350780,350100
SP,350780,355150
SP,350780,354340
SP,350780,350590
SP,350780,352510
SP,350790,351410
SP,350790,354890
SP,350790,354290
SP,350790,352360
SP,350790,355040
SP,350790,355470
SP,350790,351430
SP,350800,355385
SP,350800,352240
SP,350800,353580
SP,350800,350945
SP,350800,350220
SP,350800,351020
SP,350800,352230
SP,350810,350280
SP,350810,355715
SP,350810,353960
SP,350810,354805
SP,350810,355520
SP,350810,350650
SP,350810,350775
SP,350810,351710
SP,350810,352725
SP,350820,353700
SP,350820,352010
SP,350820,352410
SP,350820,350300
SP,350820,352540
SP,350830,353657
SP,350830,354640
SP,350830,352750
SP,350830,351450
SP,350830,353940
SP,350840,353910
SP,350840,352390
SP,350840,352590
SP,350840,352050
SP,350840,350275
SP,350840,352400
SP,350850,355410
SP,350850,352490
SP,350850,354230
SP,350850,353170
SP,350850,354990
SP,350860,350995
SP,350860,352720
SP,350860,355200
SP,350860,351340
SP,350860,353850
SP,350870,355360
SP,350870,351390
SP,350870,354970
SP,350880,354010
SP,350880,352710
SP,350880,352580
SP,350880,353350
SP,350880,354460
SP,350880,351730
SP,350880,351810
SP,350890,352920
SP,350890,352890
SP,350890,354240
SP,350890,354140
SP,350890,352060
SP,350900,352850
SP,350900,350920
SP,350900,351640
SP,350900,355030
SP,350910,352870
SP,350910,353540
SP,350910,354150
SP,350910,354130
SP,350920,353910
SP,350920,355030
SP,350920,352590
SP,350920,354730
SP,350920,351640
SP,350920,350900
SP,350925,350540
SP,350925,351480
SP,350925,352460
SP,350930,353150
SP,350930,353570
SP,350930,355260
SP,350930,351495
SP,350930,353390
SP,350930,355190
SP,350940,354760
SP,350940,353050
SP,350940,351090
SP,350940,355090
SP,350940,355330
SP,350940,354625
SP,350940,350100
SP,350940,354790
SP,350945,350220
SP,350945,350800
SP,350945,352230
SP,350950,355240
SP,350950,355620
SP,350950,353180
SP,350950,352400
SP,350950,353650
SP,350950,352470
SP,350950,351907
SP,350950,353710
SP,350950,352050
SP,350950,353200
SP,350960,355650
SP,350960,350410
SP,350960,352590
SP,350960,351630
SP,350960,351640
SP,350960,352520
SP,350970,354860
SP,350970,353800
SP,350970,351840
SP,350970,354820
SP,350980,351950
SP,350980,351470
SP,350980,353970
SP,350980,354320
SP,350980,353370
SP,350980,352900
SP,350980,355050
SP,350990,352042
SP,350990,352030
SP,350990,350540
SP,350990,353620
SP,350990,352460
SP,350995,350860
SP,350995,352720
SP,351000,351610
SP,351000,350400
SP,351000,353970
SP,351000,355395
SP,351000,353530
SP,351010,353130
SP,351010,355370
SP,351010,351560
SP,351015,354640
SP,351015,353470
SP,351015,355720
SP,351020,351760
SP,351020,354325
SP,351020,351480
SP,351020,355020
SP,351020,350800
SP,351020,355385
SP,351020,352240
SP,351020,352230
SP,351020,355180
SP,351030,352100
SP,351030,350075
SP,351030,355110
SP,351030,350290
SP,351030,355400
SP,351030,352230
SP,351040,354060
SP,351040,354580
SP,351040,353090
SP,351040,354400
SP,351040,354210
SP,351040,353180
SP,351040,351490
SP,351050,353230
SP,351050,355540
SP,351050,353560
SP,351050,355070
SP,351050,354500
SP,351060,352500
SP,351060,351300
SP,351060,353440
SP,351060,350570
SP,351070,354420
SP,351070,353690
SP,351070,353625
SP,351070,350120
SP,351070,353000
SP,351070,352820
SP,351070,354030
SP,351080,353050
SP,351080,355330
SP,351080,350030
SP,351080,352380
SP,351080,354970
SP,351080,355640
SP,351080,354630
SP,351090,353050
SP,351090,354790
SP,351090,350940
SP,351100,354930
SP,351100,352300
SP,351100,350210
SP,351100,353320
SP,351100,353640
SP,351110,355260
SP,351110,353570
SP,351110,352190
SP,351110,351495
SP,351110,353810
SP,351110,351492
SP,351110,352885
SP,351110,351120
SP,351110,353510
SP,351110,353325
SP,351120,355260
SP,351120,355560
SP,351120,351940
SP,351120,351110
SP,351120,351492
SP,351130,355560
SP,351130,351750
SP,351130,350460
SP,351130,351940
SP,351130,354080
SP,351130,354980
SP,351140,352860
SP,351140,350055
SP,351140,351925
SP,351140,353880
SP,351140,350450
SP,351140,352180
SP,351140,350310
SP,351150,352585
SP,351150,351160
SP,351150,352640
SP,351150,350700
SP,351150,355400
SP,351150,355450
SP,351160,354165
SP,351160,352640
SP,351160,355400
SP,351160,351150
SP,351160,353750
SP,351170,352360
SP,351170,355040
SP,351170,352110
SP,351170,353870
SP,351190,353770
SP,351190,350770
SP,351190,350640
SP,351190,352770
SP,351190,354840
SP,351190,351250
SP,351190,351650
SP,351200,353150
SP,351200,355440
SP,351200,350610
SP,351200,352420
SP,351200,350550
SP,351200,355190
SP,351210,351740
SP,351210,350550
SP,351220,350330
SP,351220,353080
SP,351220,351515
SP,351220,353070
SP,351230,350690
SP,351230,350230
SP,351230,352640
SP,351230,354050
SP,351230,353750
SP,351230,353870
SP,351240,350330
SP,351240,352690
SP,351240,354670
SP,351240,352140
SP,351250,350770
SP,351250,350640
SP,351250,350650
SP,351250,350775
SP,351250,351190
SP,351250,351710
SP,351260,355300
SP,351260,355380
SP,351260,352280
SP,351260,352180
SP,351260,352170
SP,351260,351540
SP,351270,350330
SP,351270,352360
SP,351270,350200
SP,351270,352670
SP,351270,354620
SP,351270,354390
SP,351280,352690
SP,351280,353650
SP,351280,350160
SP,351280,350380
SP,351280,351905
SP,351290,350120
SP,351290,350180
SP,351290,355130
SP,351290,355710
SP,351290,355340
SP,351290,353500
SP,351300,353440
SP,351300,352220
SP,351300,354995
SP,351300,352250
SP,351300,351060
SP,351300,355645
SP,351300,355030
SP,351300,355280
SP,351300,352500
SP,351300,355060
SP,351300,351500
SP,351300,351970
SP,351310,351885
SP,351310,355090
SP,351310,355140
SP,351310,355150
SP,351310,352760
SP,351310,354340
SP,351320,351620
SP,351320,354310
SP,351320,353700
SP,351320,352540
SP,351330,352880
SP,351330,351610
SP,351330,355395
SP,351330,353715
SP,351340,355200
SP,351340,350860
SP,351340,352660
SP,351340,353850
SP,351350,354870
SP,351350,355100
SP,351350,354780
SP,351350,354850
SP,351360,355540
SP,351360,355000
SP,351360,355200
SP,351360,352630
SP,351360,352720
SP,351360,350350
SP,351360,351840
SP,351360,354960
SP,351370,354750
SP,351370,354070
SP,351370,354890
SP,351370,350200
SP,351370,352760
SP,351370,353930
SP,351380,354870
SP,351380,355030
SP,351385,352480
SP,351385,353520
SP,351385,354900
SP,351385,354025
SP,351385,350420
SP,351390,350870
SP,351390,355080
SP,351390,354970
SP,351400,355370
SP,351400,352930
SP,351400,351860
SP,351400,354650
SP,351400,353205
SP,351410,352530
SP,351410,355470
SP,351410,355010
SP,351410,350790
SP,351410,354700
SP,351410,350750
SP,351410,351430
SP,351410,352980
SP,351420,355530
SP,351420,352480
SP,351420,353590
SP,351420,355695
SP,351430,351410
SP,351430,352530
SP,351430,350670
SP,351430,350680
SP,351430,354290
SP,351430,355475
SP,351430,350790
SP,351440,353830
SP,351440,352600
SP,351440,354150
SP,351440,354323
SP,351440,353480
SP,351440,355510
SP,351450,351565
SP,351450,350600
SP,351450,351660
SP,351450,350430
SP,351450,352750
SP,351450,350830
SP,351450,353940
SP,351460,350560
SP,351460,351885
SP,351460,354340
SP,351460,354090
SP,351460,355170
SP,351470,353450
SP,351470,353970
SP,351470,353410
SP,351470,350980
SP,351470,350400
SP,351470,354000
SP,351470,352790
SP,351470,352900
SP,351480,354260
SP,351480,352120
SP,351480,351020
SP,351480,354325
SP,351480,352460
SP,351480,350540
SP,351480,350925
SP,351480,355180
SP,351490,354060
SP,351490,354520
SP,351490,352390
SP,351490,353180
SP,351490,352050
SP,351490,351040
SP,351492,352885
SP,351492,351120
SP,351492,351940
SP,351492,351110
SP,351492,355600
SP,351495,353570
SP,351495,355260
SP,351495,351110
SP,351495,353325
SP,351495,350930
SP,351500,351300
SP,351500,352220
SP,351500,355280
SP,351500,355030
SP,351510,352620
SP,351510,354995
SP,351510,352220
SP,351510,355030
SP,351512,354120
SP,351512,351580
SP,351512,352600
SP,351512,354830
SP,351512,354323
SP,351515,350330
SP,351515,352690
SP,351515,350380
SP,351515,353080
SP,351515,351220
SP,351518,355730
SP,351518,350030
SP,351518,353070
SP,351518,354910
SP,351518,352260
SP,351518,354810
SP,351519,354640
SP,351519,353657
SP,351519,350070
SP,351520,355530
SP,351520,352480
SP,351520,354025
SP,351520,351800
SP,351520,354920
SP,351520,355695
SP,351520,351550
SP,351530,354550
SP,351530,353920
SP,351530,355390
SP,351535,354425
SP,351535,355430
SP,351540,355120
SP,351540,355420
SP,351540,355460
SP,351540,355300
SP,351540,352280
SP,351540,353880
SP,351540,351260
SP,351540,350500
SP,351550,353690
SP,351550,354925
SP,351550,352820
SP,351550,351800
SP,351550,351520
SP,351550,354920
SP,351550,352960
SP,351560,353130
SP,351560,355370
SP,351560,352270
SP,351560,351010
SP,351560,350370
SP,351560,354560
SP,351565,352750
SP,351565,351450
SP,351565,351660
SP,351570,355250
SP,351570,352940
SP,351570,354330
SP,351570,353980
SP,351570,355030
SP,351580,352600
SP,351580,352160
SP,351580,354830
SP,351580,353490
SP,351580,354140
SP,351580,351512
SP,351580,351600
SP,351590,353260
SP,351590,351680
SP,351590,352830
SP,351590,355710
SP,351600,351580
SP,351600,350010
SP,351600,352890
SP,351600,353490
SP,351600,354140
SP,351600,355630
SP,351600,352650
SP,351610,355395
SP,351610,351330
SP,351610,351000
SP,351610,353715
SP,351620,353630
SP,351620,354270
SP,351620,351320
SP,351620,354310
SP,351620,354950
SP,351620,350590
SP,351630,350960
SP,351630,351640
SP,351630,350410
SP,351640,350960
SP,351640,350410
SP,351640,352590
SP,351640,351630
SP,351640,352850
SP,351640,350920
SP,351640,350900
SP,351650,353770
SP,351650,350280
SP,351650,350640
SP,351650,351820
SP,351650,351190
SP,351660,351565
SP,351660,350430
SP,351660,352750
SP,351660,350150
SP,351660,351450
SP,351660,355550
SP,351660,351670
SP,351660,354110
SP,351670,355660
SP,351670,353890
SP,351670,353370
SP,351670,350140
SP,351670,350150
SP,351670,351660
SP,351670,354110
SP,351670,352780
SP,351680,353260
SP,351680,355520
SP,351680,353286
SP,351680,352830
SP,351680,351590
SP,351680,353100
SP,351680,353330
SP,351685,350670
SP,351685,350320
SP,351685,352930
SP,351685,353290
SP,351690,353286
SP,351690,352830
SP,351690,350420
SP,351690,354025
SP,351690,354925
SP,351690,354805
SP,351700,350110
SP,351700,352710
SP,351700,351720
SP,351700,351730
SP,351700,354160
SP,351700,354000
SP,351700,352770
SP,351700,352900
SP,351700,354180
SP,351710,355715
SP,351710,350770
SP,351710,350810
SP,351710,350775
SP,351710,351250
SP,351710,353730
SP,351720,351700
SP,351720,352710
SP,351720,354460
SP,351720,350020
SP,351720,354160
SP,351730,351700
SP,351730,350880
SP,351730,352710
SP,351730,352580
SP,351730,352900
SP,351740,351210
SP,351740,353190
SP,351740,350550
SP,351740,352970
SP,351740,352130
SP,351750,355560
SP,351750,350090
SP,351750,353400
SP,351750,354980
SP,351750,353390
SP,351750,351130
SP,351760,352120
SP,351760,350270
SP,351760,352240
SP,351760,351020
SP,351760,354300
SP,351760,354325
SP,351770,353360
SP,351770,352410
SP,351770,354950
SP,351770,352130
SP,351770,354940
SP,351780,353740
SP,351780,352600
SP,351780,350210
SP,351780,352160
SP,351780,353210
SP,351780,353320
SP,351780,353010
SP,351790,350550
SP,351790,351980
SP,351790,350090
SP,351790,353390
SP,351800,353475
SP,351800,355530
SP,351800,352070
SP,351800,352820
SP,351800,351550
SP,351800,351520
SP,351810,354010
SP,351810,353890
SP,351810,350880
SP,351810,352580
SP,351810,350140
SP,351820,350280
SP,351820,353460
SP,351820,355630
SP,351820,351650
SP,351820,354510
SP,351820,353770
SP,351820,350620
SP,351820,354440
SP,351830,350660
SP,351830,352440
SP,351830,354600
SP,351830,353060
SP,351830,354680
SP,351830,354500
SP,351840,354075
SP,351840,353800
SP,351840,352630
SP,351840,351360
SP,351840,350250
SP,351840,353850
SP,351840,350970
SP,351840,352720
SP,351850,355465
SP,351850,350690
SP,351850,354165
SP,351850,354050
SP,351850,355400
SP,351850,350220
SP,351850,352230
SP,351860,355370
SP,351860,351400
SP,351860,352430
SP,351860,354650
SP,351860,354090
SP,351860,353205
SP,351870,350635
SP,351870,354850
SP,351880,352310
SP,351880,350390
SP,351880,355030
SP,351880,352850
SP,351880,353240
SP,351880,354680
SP,351885,350560
SP,351885,354340
SP,351885,351310
SP,351885,351460
SP,351885,354090
SP,351885,352760
SP,351885,354370
SP,351885,353205
SP,351890,354805
SP,351890,355230
SP,351890,350420
SP,351890,353520
SP,351900,350335
SP,351900,354000
SP,351900,354200
SP,351900,355500
SP,351900,354180
SP,351905,353650
SP,351905,352470
SP,351905,350380
SP,351905,353080
SP,351905,354800
SP,351905,351280
SP,351907,350950
SP,351907,353180
SP,351907,355240
SP,351910,351960
SP,351910,354250
SP,351910,350340
SP,351910,350740
SP,351910,352200
SP,351920,353770
SP,351920,350335
SP,351920,350580
SP,351920,353600
SP,351920,355500
SP,351920,354380
SP,351920,354840
SP,351925,350055
SP,351925,350450
SP,351925,351140
SP,351925,350745
SP,351925,350070
SP,351930,354890
SP,351930,354290
SP,351930,350320
SP,351940,355560
SP,351940,351120
SP,351940,355600
SP,351940,354080
SP,351940,351492
SP,351940,351130
SP,351950,354540
SP,351950,354320
SP,351950,353970
SP,351950,350980
SP,351950,353530
SP,351960,352270
SP,351960,351910
SP,351960,350670
SP,351960,355270
SP,351960,350740
SP,351960,352200
SP,351960,353290
SP,351970,353780
SP,351970,352840
SP,351970,355350
SP,351970,352990
SP,351970,354995
SP,351970,351300
SP,351970,352620
SP,351970,355700
SP,351970,355060
SP,351970,350115
SP,351980,351790
SP,351980,353420
SP,351980,350090
SP,351980,353300
SP,351990,352880
SP,351990,352920
SP,351990,354220
SP,351990,353215
SP,352000,350360
SP,352000,350530
SP,352000,355010
SP,352000,352800
SP,352010,353700
SP,352010,350820
SP,352010,350300
SP,352010,354360
SP,352020,352550
SP,352020,353860
SP,352020,352440
SP,352020,354990
SP,352020,353240
SP,352020,354680
SP,352030,352042
SP,352030,354260
SP,352030,353760
SP,352030,352990
SP,352030,352610
SP,352030,353720
SP,352030,352330
SP,352030,353620
SP,352030,350990
SP,352042,352030
SP,352042,350990
SP,352044,354450
SP,352044,353740
SP,352044,352300
SP,352044,350210
SP,352044,355255
SP,352050,350950
SP,352050,351490
SP,352050,352390
SP,352050,354520
SP,352050,350840
SP,352050,353180
SP,352050,352400
SP,352060,352920
SP,352060,350890
SP,352060,354240
SP,352070,353000
SP,352070,352820
SP,352070,353475
SP,352070,351800
SP,352080,354510
SP,352080,352740
SP,352080,354470
SP,352080,353460
SP,352080,354085
SP,352090,353880
SP,352090,355720
SP,352090,354640
SP,352090,355460
SP,352090,350630
SP,352100,354060
SP,352100,355400
SP,352100,351030
SP,352100,350700
SP,352100,350290
SP,352100,355220
SP,352110,354390
SP,352110,351170
SP,352110,352360
SP,352110,353870
SP,352115,353030
SP,352115,353040
SP,352115,353400
SP,352115,354980
SP,352115,353300
SP,352120,350270
SP,352120,350540
SP,352120,352215
SP,352120,351760
SP,352120,354325
SP,352120,351480
SP,352130,352410
SP,352130,353190
SP,352130,354940
SP,352130,351740
SP,352130,352970
SP,352130,351770
SP,352140,354670
SP,352140,352690
SP,352140,351240
SP,352140,354390
SP,352140,353870
SP,352150,354480
SP,352150,353350
SP,352150,352950
SP,352150,355600
SP,352150,354080
SP,352160,351580
SP,352160,351780
SP,352160,352600
SP,352160,353490
SP,352160,353010
SP,352170,352280
SP,352170,352320
SP,352170,352240
SP,352170,352180
SP,352170,351260
SP,352170,354350
SP,352180,355380
SP,352180,350450
SP,352180,353580
SP,352180,355420
SP,352180,351140
SP,352180,353880
SP,352180,352240
SP,352180,351260
SP,352180,350310
SP,352180,352170
SP,352190,352270
SP,352190,352885
SP,352190,353350
SP,352190,351110
SP,352190,353810
SP,352190,354560
SP,352190,350740
SP,352200,351910
SP,352200,351960
SP,352200,350520
SP,352200,350670
SP,352200,350340
SP,352210,355100
SP,352210,353760
SP,352210,353110
SP,352210,352620
SP,352210,355030
SP,352210,353720
SP,352215,352120
SP,352215,350270
SP,352215,354280
SP,352220,351500
SP,352220,351300
SP,352220,355030
SP,352220,351510
SP,352220,354995
SP,352230,355400
SP,352230,351030
SP,352230,350075
SP,352230,351020
SP,352230,350220
SP,352230,350800
SP,352230,351850
SP,352230,355020
SP,352230,350945
SP,352230,355110
SP,352230,353790
SP,352240,353580
SP,352240,351020
SP,352240,353282
SP,352240,351760
SP,352240,350800
SP,352240,355385
SP,352240,352320
SP,352240,352180
SP,352240,354300
SP,352240,352170
SP,352250,355645
SP,352250,351300
SP,352250,354730
SP,352250,352500
SP,352250,355060
SP,352250,350275
SP,352250,350570
SP,352260,355160
SP,352260,350050
SP,352260,352700
SP,352260,350190
SP,352260,354800
SP,352260,353070
SP,352260,353080
SP,352260,351518
SP,352265,354280
SP,352265,350535
SP,352270,351960
SP,352270,355370
SP,352270,355270
SP,352270,352190
SP,352270,350740
SP,352270,354560
SP,352270,352930
SP,352270,351560
SP,352280,355300
SP,352280,352170
SP,352280,351260
SP,352280,354350
SP,352280,350500
SP,352280,351540
SP,352290,352530
SP,352290,353670
SP,352290,350520
SP,352290,350730
SP,352300,351100
SP,352300,350210
SP,352300,352044
SP,352310,355250
SP,352310,351880
SP,352310,355030
SP,352310,350390
SP,352310,353060
SP,352310,353980
SP,352320,352240
SP,352320,350715
SP,352320,354350
SP,352320,353282
SP,352320,352170
SP,352330,353760
SP,352330,352030
SP,352330,353720
SP,352340,355620
SP,352340,352590
SP,352340,352730
SP,352340,355670
SP,352340,350760
SP,352340,352520
SP,352340,353200
SP,352350,350750
SP,352350,350690
SP,352350,350450
SP,352350,353580
SP,352350,350220
SP,352350,353610
SP,352360,350200
SP,352360,354390
SP,352360,352110
SP,352360,350790
SP,352360,351270
SP,352360,354890
SP,352360,351170
SP,352360,355040
SP,352370,353630
SP,352380,355640
SP,352380,355080
SP,352380,351080
SP,352380,354970
SP,352390,352840
SP,352390,355220
SP,352390,355060
SP,352390,351490
SP,352390,354060
SP,352390,350840
SP,352390,354520
SP,352390,352050
SP,352390,350275
SP,352400,350950
SP,352400,355620
SP,352400,352590
SP,352400,352730
SP,352400,355670
SP,352400,352050
SP,352400,350840
SP,352410,354310
SP,352410,352970
SP,352410,354950
SP,352410,352130
SP,352410,351770
SP,352410,352540
SP,352410,350820
SP,352410,350300
SP,352420,351200
SP,352420,350550
SP,352420,353190
SP,352420,355440
SP,352430,355365
SP,352430,355370
SP,352430,353130
SP,352430,350560
SP,352430,355320
SP,352430,355170
SP,352430,353950
SP,352430,351860
SP,352430,354090
SP,352440,352020
SP,352440,351830
SP,352440,354600
SP,352440,352490
SP,352440,354990
SP,352440,354680
SP,352450,352570
SP,352450,353030
SP,352450,353250
SP,352450,353280
SP,352460,354260
SP,352460,350540
SP,352460,353620
SP,352460,350925
SP,352460,350990
SP,352460,351480
SP,352470,350950
SP,352470,353650
SP,352470,353710
SP,352470,354800
SP,352470,351905
SP,352480,353590
SP,352480,355580
SP,352480,354900
SP,352480,354025
SP,352480,351520
SP,352480,351420
SP,352480,351385
SP,352480,355695
SP,352490,350850
SP,352490,354600
SP,352490,352440
SP,352490,354230
SP,352490,354990
SP,352490,353560
SP,352500,351300
SP,352500,352250
SP,352500,351060
SP,352500,350570
SP,352510,355170
SP,352510,354020
SP,352510,350780
SP,352510,354340
SP,352510,350590
SP,352510,354490
SP,352520,350960
SP,352520,350410
SP,352520,352340
SP,352520,352590
SP,352520,350760
SP,352530,351410
SP,352530,350530
SP,352530,350520
SP,352530,350680
SP,352530,352800
SP,352530,353670
SP,352530,352290
SP,352530,351430
SP,352530,352980
SP,352540,352410
SP,352540,353700
SP,352540,351320
SP,352540,354310
SP,352540,350820
SP,352550,352020
SP,352550,355635
SP,352550,354990
SP,352550,353860
SP,352560,354220
SP,352560,354170
SP,352560,355500
SP,352560,353550
SP,352570,355715
SP,352570,352450
SP,352570,350510
SP,352570,353960
SP,352570,353250
SP,352570,353730
SP,352570,355535
SP,352570,352950
SP,352570,353270
SP,352570,353280
SP,352580,350880
SP,352580,352900
SP,352580,350140
SP,352580,351730
SP,352580,351810
SP,352585,351150
SP,352585,352640
SP,352585,355450
SP,352590,350960
SP,352590,353910
SP,352590,352730
SP,352590,350920
SP,352590,352520
SP,352590,352400
SP,352590,355650
SP,352590,350840
SP,352590,352340
SP,352590,351640
SP,352600,351440
SP,352600,351780
SP,352600,351580
SP,352600,353160
SP,352600,355510
SP,352600,353320
SP,352600,351512
SP,352600,352160
SP,352600,354323
SP,352610,354260
SP,352610,352030
SP,352610,355350
SP,352610,352990
SP,352610,355180
SP,352620,352210
SP,352620,355030
SP,352620,352990
SP,352620,351510
SP,352620,354995
SP,352620,351970
SP,352620,353720
SP,352630,354430
SP,352630,355410
SP,352630,355000
SP,352630,350250
SP,352630,351840
SP,352630,351360
SP,352640,352585
SP,352640,351160
SP,352640,353750
SP,352640,351150
SP,352640,351230
SP,352640,355450
SP,352640,353870
SP,352650,353740
SP,352650,350280
SP,352650,353490
SP,352650,355630
SP,352650,353010
SP,352650,351600
SP,352660,355200
SP,352660,351340
SP,352660,354190
SP,352670,350330
SP,352670,353930
SP,352670,351270
SP,352670,350030
SP,352670,353070
SP,352670,354390
SP,352670,354620
SP,352680,350360
SP,352680,352800
SP,352680,350450
SP,352680,354105
SP,352680,355010
SP,352680,350745
SP,352680,353670
SP,352680,350750
SP,352680,350070
SP,352690,350330
SP,352690,354580
SP,352690,351240
SP,352690,350380
SP,352690,351280
SP,352690,353870
SP,352690,352140
SP,352690,351515
SP,352690,350160
SP,352700,352260
SP,352700,355160
SP,352700,355210
SP,352700,350050
SP,352710,351700
SP,352710,350880
SP,352710,354460
SP,352710,351720
SP,352710,351730
SP,352720,350995
SP,352720,355200
SP,352720,350860
SP,352720,351840
SP,352720,351360
SP,352720,353850
SP,352725,355520
SP,352725,353330
SP,352725,354805
SP,352725,350810
SP,352730,352590
SP,352730,355670
SP,352730,352340
SP,352730,352400
SP,352740,352890
SP,352740,354085
SP,352740,354470
SP,352740,355630
SP,352740,352080
SP,352740,354510
SP,352740,350620
SP,352740,350010
SP,352740,354440
SP,352750,351565
SP,352750,351660
SP,352750,350830
SP,352750,354640
SP,352750,351450
SP,352750,355550
SP,352760,354750
SP,352760,354890
SP,352760,355090
SP,352760,351885
SP,352760,351370
SP,352760,354370
SP,352760,351310
SP,352770,350110
SP,352770,351700
SP,352770,350335
SP,352770,350770
SP,352770,354840
SP,352770,351190
SP,352770,354180
SP,352780,355660
SP,352780,351670
SP,352780,353370
SP,352780,350150
SP,352780,355050
SP,352790,353550
SP,352790,353450
SP,352790,350720
SP,352790,350400
SP,352790,354200
SP,352790,351470
SP,352790,354000
SP,352800,350360
SP,352800,350530
SP,352800,352680
SP,352800,352530
SP,352800,352000
SP,352800,353670
SP,352810,353260
SP,352810,355570
SP,352810,353140
SP,352810,355520
SP,352810,353100
SP,352810,353960
SP,352810,353990
SP,352820,353690
SP,352820,351070
SP,352820,352070
SP,352820,353000
SP,352820,351800
SP,352820,351550
SP,352830,355710
SP,352830,355610
SP,352830,352960
SP,352830,353286
SP,352830,351690
SP,352830,351590
SP,352830,351680
SP,352830,354925
SP,352840,352390
SP,352840,355220
SP,352840,355060
SP,352840,350115
SP,352840,351970
SP,352850,350410
SP,352850,351880
SP,352850,355030
SP,352850,351640
SP,352850,353240
SP,352850,350900
SP,352860,350055
SP,352860,351140
SP,352860,353880
SP,352860,353380
SP,352870,350910
SP,352870,353830
SP,352870,353020
SP,352870,354150
SP,352870,354130
SP,352870,354770
SP,352870,355430
SP,352880,353550
SP,352880,350400
SP,352880,351990
SP,352880,355395
SP,352880,353715
SP,352880,354220
SP,352880,351330
SP,352885,352190
SP,352885,353350
SP,352885,351110
SP,352885,355600
SP,352885,351492
SP,352890,352920
SP,352890,350010
SP,352890,352740
SP,352890,350890
SP,352890,354140
SP,352890,354085
SP,352890,351600
SP,352900,355660
SP,352900,351700
SP,352900,353370
SP,352900,350140
SP,352900,353410
SP,352900,351730
SP,352900,350980
SP,352900,354000
SP,352900,351470
SP,352900,352580
SP,352910,350260
SP,352910,355230
SP,352910,353520
SP,352920,355290
SP,352920,351990
SP,352920,352890
SP,352920,354240
SP,352920,353600
SP,352920,354085
SP,352920,354470
SP,352920,350890
SP,352920,354220
SP,352920,353215
SP,352920,352060
SP,352930,355370
SP,352930,355270
SP,352930,352270
SP,352930,351400
SP,352930,350320
SP,352930,351685
SP,352930,353290
SP,352930,353205
SP,352940,354780
SP,352940,355250
SP,352940,354330
SP,352940,351570
SP,352940,355030
SP,352950,354480
SP,352950,355535
SP,352950,350020
SP,352950,352570
SP,352950,354080
SP,352950,353280
SP,352950,352150
SP,352960,353690
SP,352960,352830
SP,352960,354925
SP,352960,355610
SP,352960,351550
SP,352965,354040
SP,352965,353590
SP,352965,354570
SP,352970,352410
SP,352970,351740
SP,352970,352130
SP,352970,350300
SP,352980,351410
SP,352980,350530
SP,352980,355010
SP,352980,352530
SP,352990,352030
SP,352990,355350
SP,352990,352620
SP,352990,353720
SP,352990,351970
SP,352990,352610
SP,353000,351070
SP,353000,352820
SP,353000,352070
SP,353010,353740
SP,353010,351780
SP,353010,350280
SP,353010,350210
SP,353010,352160
SP,353010,353490
SP,353010,352650
SP,353020,354120
SP,353020,352870
SP,353020,354770
SP,353020,354550
SP,353020,355430
SP,353030,350460
SP,353030,353040
SP,353030,352450
SP,353030,350480
SP,353030,353250
SP,353030,354980
SP,353030,353280
SP,353030,352115
SP,353040,353030
SP,353040,350480
SP,353040,353300
SP,353040,353500
SP,353040,355340
SP,353040,352115
SP,353050,355360
SP,353050,351090
SP,353050,355330
SP,353050,351080
SP,353050,350940
SP,353050,354970
SP,353060,354780
SP,353060,355250
SP,353060,354850
SP,353060,354680
SP,353060,352310
SP,353060,350660
SP,353060,350390
SP,353060,351830
SP,353060,350635
SP,353070,350330
SP,353070,355730
SP,353070,350030
SP,353070,353080
SP,353070,352670
SP,353070,353930
SP,353070,352260
SP,353070,351220
SP,353070,351518
SP,353080,351515
SP,353080,353070
SP,353080,350380
SP,353080,352260
SP,353080,354800
SP,353080,351220
SP,353080,351905
SP,353090,351040
SP,353090,354400
SP,353090,355450
SP,353090,354210
SP,353100,353260
SP,353100,355520
SP,353100,351680
SP,353100,353330
SP,353100,352810
SP,353110,354100
SP,353110,355100
SP,353110,352210
SP,353120,355160
SP,353120,355210
SP,353120,355495
SP,353120,350190
SP,353120,353820
SP,353130,355370
SP,353130,352430
SP,353130,355320
SP,353130,355690
SP,353130,351560
SP,353130,351010
SP,353130,350370
SP,353130,355310
SP,353140,353260
SP,353140,355570
SP,353140,350480
SP,353140,352810
SP,353140,355130
SP,353140,353250
SP,353140,353990
SP,353140,355340
SP,353140,353270
SP,353150,353570
SP,353150,351200
SP,353150,350610
SP,353150,353900
SP,353150,350930
SP,353150,355190
SP,353160,354930
SP,353160,352600
SP,353160,355510
SP,353160,353310
SP,353160,353320
SP,353170,355480
SP,353170,350850
SP,353170,355410
SP,353170,353800
SP,353170,354990
SP,353170,354820
SP,353180,350950
SP,353180,354580
SP,353180,355240
SP,353180,351907
SP,353180,352050
SP,353180,351040
SP,353180,351490
SP,353190,355680
SP,353190,354020
SP,353190,351740
SP,353190,352130
SP,353190,354940
SP,353190,354490
SP,353190,353950
SP,353190,355440
SP,353190,350550
SP,353190,352420
SP,353190,353430
SP,353200,350950
SP,353200,353710
SP,353200,355495
SP,353200,355620
SP,353200,352340
SP,353200,350190
SP,353200,350760
SP,353205,351400
SP,353205,350320
SP,353205,352930
SP,353205,351860
SP,353205,354370
SP,353205,351885
SP,353205,354090
SP,353210,351780
SP,353210,350210
SP,353210,353320
SP,353215,354220
SP,353215,352920
SP,353215,355290
SP,353215,351990
SP,353220,350240
SP,353220,353920
SP,353220,355290
SP,353230,355540
SP,353230,355000
SP,353230,354230
SP,353230,351050
SP,353230,353560
SP,353240,350710
SP,353240,350410
SP,353240,351880
SP,353240,353860
SP,353240,352020
SP,353240,352850
SP,353240,354680
SP,353250,352570
SP,353250,353030
SP,353250,352450
SP,353250,350480
SP,353250,353140
SP,353250,353270
SP,353260,353140
SP,353260,355130
SP,353260,351680
SP,353260,351590
SP,353260,353100
SP,353260,352810
SP,353260,355710
SP,353270,352570
SP,353270,355570
SP,353270,353140
SP,353270,353960
SP,353270,353250
SP,353280,353030
SP,353280,350460
SP,353280,352450
SP,353280,352950
SP,353280,352570
SP,353280,354080
SP,353282,350270
SP,353282,352240
SP,353282,352320
SP,353282,350715
SP,353282,354300
SP,353284,355490
SP,353284,350260
SP,353284,354660
SP,353284,353520
SP,353286,351680
SP,353286,352830
SP,353286,351690
SP,353286,353330
SP,353286,354805
SP,353290,351960
SP,353290,350670
SP,353290,355270
SP,353290,352930
SP,353290,351685
SP,353300,351980
SP,353300,353040
SP,353300,350090
SP,353300,353400
SP,353300,353420
SP,353300,353500
SP,353300,352115
SP,353310,355510
SP,353310,354710
SP,353310,354930
SP,353310,353160
SP,353320,354930
SP,353320,351780
SP,353320,353160
SP,353320,351100
SP,353320,352600
SP,353320,350210
SP,353320,353210
SP,353325,355260
SP,353325,351110
SP,353325,351495
SP,353330,355520
SP,353330,353286
SP,353330,351680
SP,353330,353100
SP,353330,354805
SP,353330,352725
SP,353340,354580
SP,353340,350160
SP,353340,353650
SP,353340,355240
SP,353350,353890
SP,353350,354480
SP,353350,352190
SP,353350,350740
SP,353350,352150
SP,353350,352885
SP,353350,355590
SP,353350,350880
SP,353350,354010
SP,353350,355600
SP,353350,354460
SP,353360,354940
SP,353360,354490
SP,353360,354950
SP,353360,350590
SP,353360,353430
SP,353360,351770
SP,353370,355660
SP,353370,351670
SP,353370,352780
SP,353370,352900
SP,353370,350980
SP,353370,355050
SP,353380,352860
SP,353380,350055
SP,353380,353880
SP,353380,354640
SP,353380,350630
SP,353390,355260
SP,353390,355560
SP,353390,351750
SP,353390,350090
SP,353390,351790
SP,353390,355190
SP,353390,350550
SP,353390,350930
SP,353400,351750
SP,353400,350090
SP,353400,354980
SP,353400,353300
SP,353400,352115
SP,353410,352900
SP,353410,354000
SP,353410,353450
SP,353410,351470
SP,353420,353660
SP,353420,351980
SP,353420,353500
SP,353420,353300
SP,353430,353360
SP,353430,353190
SP,353430,354940
SP,353430,354490
SP,353440,351300
SP,353440,355280
SP,353440,351060
SP,353440,355030
SP,353440,350570
SP,353450,353410
SP,353450,354000
SP,353450,351470
SP,353450,352790
SP,353460,354510
SP,353460,353770
SP,353460,354470
SP,353460,353600
SP,353460,354380
SP,353460,352080
SP,353460,351820
SP,353470,354640
SP,353470,354540
SP,353470,351015
SP,353470,355050
SP,353475,355530
SP,353475,354040
SP,353475,351800
SP,353475,352070
SP,353480,351440
SP,353480,353540
SP,353480,354150
SP,353480,355510
SP,353480,354710
SP,353490,351580
SP,353490,352160
SP,353490,352650
SP,353490,353010
SP,353490,351600
SP,353500,354420
SP,353500,353660
SP,353500,353040
SP,353500,350180
SP,353500,351290
SP,353500,353420
SP,353500,354030
SP,353500,355340
SP,353500,353300
SP,353510,353570
SP,353510,351110
SP,353510,350370
SP,353510,353900
SP,353510,353810
SP,353520,354720
SP,353520,354765
SP,353520,351890
SP,353520,350420
SP,353520,355490
SP,353520,355230
SP,353520,354900
SP,353520,350260
SP,353520,351385
SP,353520,352910
SP,353520,353284
SP,353530,351950
SP,353530,353970
SP,353530,351000
SP,353540,350910
SP,353540,354150
SP,353540,353480
SP,353540,354130
SP,353540,354710
SP,353540,353640
SP,353550,352880
SP,353550,350720
SP,353550,350400
SP,353550,352790
SP,353550,354220
SP,353550,354170
SP,353550,352560
SP,353560,353230
SP,353560,354600
SP,353560,352490
SP,353560,354230
SP,353560,351050
SP,353560,354500
SP,353570,353150
SP,353570,353510
SP,353570,351110
SP,353570,351495
SP,353570,353900
SP,353570,350930
SP,353580,350450
SP,353580,352240
SP,353580,352180
SP,353580,352350
SP,353580,350220
SP,353580,350800
SP,353590,355530
SP,353590,354040
SP,353590,352480
SP,353590,355580
SP,353590,354570
SP,353590,351420
SP,353590,352965
SP,353600,352920
SP,353600,350580
SP,353600,354470
SP,353600,354220
SP,353600,353460
SP,353600,354380
SP,353600,351920
SP,353610,352350
SP,353610,350750
SP,353610,350690
SP,353620,354260
SP,353620,352030
SP,353620,350990
SP,353620,352460
SP,353625,353690
SP,353625,351070
SP,353625,350120
SP,353625,355710
SP,353625,355610
SP,353630,351620
SP,353630,350590
SP,353630,352370
SP,353630,350100
SP,353640,354930
SP,353640,354710
SP,353640,353540
SP,353640,351100
SP,353650,350950
SP,353650,353340
SP,353650,355240
SP,353650,352470
SP,353650,350160
SP,353650,351905
SP,353650,351280
SP,353657,351519
SP,353657,350830
SP,353657,354640
SP,353657,350070
SP,353657,353940
SP,353660,354420
SP,353660,353420
SP,353660,353500
SP,353670,352530
SP,353670,352680
SP,353670,350520
SP,353670,352800
SP,353670,350730
SP,353670,352290
SP,353670,350340
SP,353670,350600
SP,353670,350070
SP,353680,355635
SP,353680,355210
SP,353680,350760
SP,353680,353820
SP,353690,353625
SP,353690,350120
SP,353690,351070
SP,353690,352820
SP,353690,355610
SP,353690,351550
SP,353690,352960
SP,353700,354360
SP,353700,351320
SP,353700,352010
SP,353700,350820
SP,353700,352540
SP,353710,350950
SP,353710,352470
SP,353710,350190
SP,353710,354800
SP,353710,353200
SP,353715,352880
SP,353715,351610
SP,353715,351330
SP,353720,353760
SP,353720,352030
SP,353720,352330
SP,353720,352210
SP,353720,352620
SP,353720,352990
SP,353730,350110
SP,353730,355715
SP,353730,350510
SP,353730,350440
SP,353730,354160
SP,353730,350770
SP,353730,352570
SP,353730,351710
SP,353740,351780
SP,353740,350280
SP,353740,352650
SP,353740,354805
SP,353740,350210
SP,353740,355255
SP,353740,355230
SP,353740,352044
SP,353740,353010
SP,353750,354165
SP,353750,351160
SP,353750,352640
SP,353750,354050
SP,353750,351230
SP,353760,352330
SP,353760,352210
SP,353760,352030
SP,353760,353720
SP,353770,351820
SP,353770,354840
SP,353770,351190
SP,353770,353460
SP,353770,354380
SP,353770,351920
SP,353770,351650
SP,353780,355350
SP,353780,354530
SP,353780,353790
SP,353780,355700
SP,353780,351970
SP,353790,353780
SP,353790,355350
SP,353790,355110
SP,353790,354530
SP,353790,352230
SP,353790,355020
SP,353800,355480
SP,353800,354075
SP,353800,355410
SP,353800,353170
SP,353800,354820
SP,353800,354430
SP,353800,350970
SP,353800,351840
SP,353810,352190
SP,353810,353510
SP,353810,351110
SP,353810,350370
SP,353810,354560
SP,353820,355495
SP,353820,353680
SP,353820,355210
SP,353820,350760
SP,353820,353120
SP,353830,351440
SP,353830,352870
SP,353830,354150
SP,353830,354323
SP,353830,354770
SP,353850,351340
SP,353850,350860
SP,353850,351840
SP,353850,352720
SP,353860,350710
SP,353860,352550
SP,353860,350410
SP,353860,352020
SP,353860,355635
SP,353860,350760
SP,353860,353240
SP,353870,354580
SP,353870,352640
SP,353870,354390
SP,353870,351230
SP,353870,352110
SP,353870,354700
SP,353870,352690
SP,353870,351170
SP,353870,350230
SP,353870,354400
SP,353870,352140
SP,353870,354515
SP,353870,355040
SP,353870,355450
SP,353880,352860
SP,353880,353380
SP,353880,355120
SP,353880,355420
SP,353880,351140
SP,353880,355460
SP,353880,350630
SP,353880,352180
SP,353880,352090
SP,353880,351540
SP,353890,353350
SP,353890,350430
SP,353890,350140
SP,353890,350740
SP,353890,351810
SP,353890,355590
SP,353890,354250
SP,353890,351670
SP,353890,354010
SP,353890,354110
SP,353890,350470
SP,353900,353150
SP,353900,353570
SP,353900,350370
SP,353900,353510
SP,353900,355310
SP,353900,355690
SP,353900,350610
SP,353910,350275
SP,353910,352590
SP,353910,354730
SP,353910,350920
SP,353910,350840
SP,353920,351530
SP,353920,350130
SP,353920,354550
SP,353920,354140
SP,353920,355390
SP,353920,353220
SP,353920,350240
SP,353930,354070
SP,353930,350030
SP,353930,350200
SP,353930,352670
SP,353930,354630
SP,353930,354620
SP,353930,351370
SP,353930,353070
SP,353940,350070
SP,353940,353657
SP,353940,350600
SP,353940,350430
SP,353940,350830
SP,353940,351450
SP,353950,355365
SP,353950,355680
SP,353950,353190
SP,353950,354020
SP,353950,352430
SP,353950,350610
SP,353950,355170
SP,353960,355570
SP,353960,355520
SP,353960,355715
SP,353960,350810
SP,353960,352570
SP,353960,352810
SP,353960,353270
SP,353970,351950
SP,353970,350400
SP,353970,351470
SP,353970,350980
SP,353970,351000
SP,353970,353530
SP,353980,355250
SP,353980,351570
SP,353980,352310
SP,353980,355030
SP,353990,353140
SP,353990,352810
SP,354000,351700
SP,354000,353450
SP,354000,351900
SP,354000,354200
SP,354000,353410
SP,354000,351470
SP,354000,352790
SP,354000,352900
SP,354000,354180
SP,354010,355590
SP,354010,353890
SP,354010,350880
SP,354010,353350
SP,354010,351810
SP,354020,353950
SP,354020,353190
SP,354020,355170
SP,354020,352510
SP,354020,354490
SP,354025,352480
SP,354025,351690
SP,354025,354925
SP,354025,351520
SP,354025,351385
SP,354025,350420
SP,354025,354920
SP,354030,354420
SP,354030,350180
SP,354030,351070
SP,354030,350120
SP,354030,353500
SP,354040,353475
SP,354040,353590
SP,354040,352965
SP,354040,355530
SP,354050,355465
SP,354050,354165
SP,354050,350690
SP,354050,351230
SP,354050,351850
SP,354050,353750
SP,354060,350700
SP,354060,354210
SP,354060,355220
SP,354060,351490
SP,354060,352390
SP,354060,352100
SP,354060,351040
SP,354060,355450
SP,354070,354750
SP,354070,351370
SP,354070,354630
SP,354070,353930
SP,354075,354430
SP,354075,353800
SP,354075,351840
SP,354075,350250
SP,354080,350460
SP,354080,351940
SP,354080,352950
SP,354080,355600
SP,354080,351130
SP,354080,353280
SP,354080,352150
SP,354085,352920
SP,354085,352740
SP,354085,352890
SP,354085,354470
SP,354085,352080
SP,354090,351860
SP,354090,351460
SP,354090,350560
SP,354090,351885
SP,354090,352430
SP,354090,353205
SP,354100,355100
SP,354100,353110
SP,354105,350750
SP,354105,355010
SP,354105,350450
SP,354105,352680
SP,354110,351670
SP,354110,353890
SP,354110,354250
SP,354110,351660
SP,354110,350430
SP,354120,354550
SP,354120,355390
SP,354120,351512
SP,354120,353020
SP,354120,350130
SP,354120,354323
SP,354120,354830
SP,354120,354770
SP,354120,350080
SP,354130,352870
SP,354130,350910
SP,354130,355430
SP,354130,353540
SP,354140,351580
SP,354140,353920
SP,354140,352890
SP,354140,354240
SP,354140,351600
SP,354140,350890
SP,354140,350130
SP,354140,354830
SP,354140,350240
SP,354140,350080
SP,354150,351440
SP,354150,352870
SP,354150,350910
SP,354150,353830
SP,354150,353540
SP,354150,353480
SP,354160,350110
SP,354160,351700
SP,354160,350510
SP,354160,350440
SP,354160,351720
SP,354160,353730
SP,354160,355535
SP,354160,350020
SP,354160,354460
SP,354165,351160
SP,354165,354050
SP,354165,355400
SP,354165,351850
SP,354165,353750
SP,354170,353550
SP,354170,350720
SP,354170,354200
SP,354170,354220
SP,354170,355500
SP,354170,352560
SP,354180,351700
SP,354180,350335
SP,354180,354000
SP,354180,351900
SP,354180,352770
SP,354190,355200
SP,354190,352660
SP,354190,350350
SP,354200,350720
SP,354200,354000
SP,354200,351900
SP,354200,352790
SP,354200,354170
SP,354200,355500
SP,354210,354060
SP,354210,353090
SP,354210,351040
SP,354210,355450
SP,354220,352880
SP,354220,352920
SP,354220,353550
SP,354220,350580
SP,354220,351990
SP,354220,353600
SP,354220,355500
SP,354220,352560
SP,354220,354170
SP,354220,353215
SP,354230,353230
SP,354230,350850
SP,354230,355000
SP,354230,352490
SP,354230,355410
SP,354230,353560
SP,354240,352920
SP,354240,355290
SP,354240,350890
SP,354240,354140
SP,354240,352060
SP,354240,350240
SP,354250,351910
SP,354250,353890
SP,354250,350340
SP,354250,350600
SP,354250,350430
SP,354250,354110
SP,354250,350740
SP,354260,352030
SP,354260,353620
SP,354260,352460
SP,354260,355180
SP,354260,351480
SP,354260,352610
SP,354270,351620
SP,354270,354950
SP,354270,350590
SP,354280,350270
SP,354280,352265
SP,354280,350535
SP,354280,352215
SP,354290,354890
SP,354290,350670
SP,354290,350320
SP,354290,355475
SP,354290,351430
SP,354290,351930
SP,354290,350790
SP,354300,350270
SP,354300,353282
SP,354300,352240
SP,354300,351760
SP,354310,351320
SP,354310,351620
SP,354310,352410
SP,354310,354950
SP,354310,352540
SP,354320,351950
SP,354320,350980
SP,354320,354540
SP,354320,355050
SP,354323,354120
SP,354323,351440
SP,354323,353830
SP,354323,352600
SP,354323,354770
SP,354323,351512
SP,354325,351760
SP,354325,352120
SP,354325,351020
SP,354325,351480
SP,354330,354780
SP,354330,354410
SP,354330,355250
SP,354330,352940
SP,354330,351570
SP,354340,351885
SP,354340,351460
SP,354340,355150
SP,354340,350780
SP,354340,352510
SP,354340,355170
SP,354340,351310
SP,354350,352280
SP,354350,352320
SP,354350,352170
SP,354360,353700
SP,354360,352010
SP,354370,354890
SP,354370,350320
SP,354370,350170
SP,354370,351885
SP,354370,352760
SP,354370,354690
SP,354370,353205
SP,354380,353770
SP,354380,353460
SP,354380,351920
SP,354380,353600
SP,354390,350330
SP,354390,354670
SP,354390,352670
SP,354390,352110
SP,354390,353870
SP,354390,351270
SP,354390,352360
SP,354390,352140
SP,354400,354580
SP,354400,353090
SP,354400,354515
SP,354400,351040
SP,354400,355450
SP,354400,353870
SP,354410,354780
SP,354410,355250
SP,354410,354330
SP,354420,351070
SP,354420,353660
SP,354420,354030
SP,354420,353500
SP,354425,355430
SP,354425,351535
SP,354430,354075
SP,354430,355410
SP,354430,353800
SP,354430,352630
SP,354430,350250
SP,354440,354510
SP,354440,350620
SP,354440,352740
SP,354440,351820
SP,354450,355255
SP,354450,350260
SP,354450,354610
SP,354450,352044
SP,354450,354660
SP,354460,354480
SP,354460,352710
SP,354460,350880
SP,354460,353350
SP,354460,350020
SP,354460,351720
SP,354460,354160
SP,354470,352920
SP,354470,352740
SP,354470,353600
SP,354470,353460
SP,354470,354085
SP,354470,352080
SP,354480,353350
SP,354480,350020
SP,354480,352950
SP,354480,354460
SP,354480,352150
SP,354490,353190
SP,354490,354020
SP,354490,353360
SP,354490,350590
SP,354490,353430
SP,354490,352510
SP,354500,350660
SP,354500,355070
SP,354500,351830
SP,354500,354600
SP,354500,350635
SP,354500,351050
SP,354500,353560
SP,354510,352740
SP,354510,351820
SP,354510,353460
SP,354510,354440
SP,354510,352080
SP,354515,354400
SP,354515,355450
SP,354515,353870
SP,354520,352050
SP,354520,352390
SP,354520,351490
SP,354530,353780
SP,354530,353790
SP,354530,355110
SP,354530,350290
SP,354530,355220
SP,354530,355700
SP,354540,353470
SP,354540,354320
SP,354540,351950
SP,354540,355050
SP,354550,354120
SP,354550,351530
SP,354550,353920
SP,354550,353020
SP,354550,355390
SP,354560,352270
SP,354560,352190
SP,354560,351560
SP,354560,350370
SP,354560,353810
SP,354570,355580
SP,354570,353590
SP,354570,352965
SP,354570,354740
SP,354570,350395
SP,354580,355240
SP,354580,353180
SP,354580,353870
SP,354580,352690
SP,354580,354400
SP,354580,350160
SP,354580,353340
SP,354580,351040
SP,354600,353560
SP,354600,351830
SP,354600,352490
SP,354600,352440
SP,354600,354500
SP,354610,354450
SP,354610,354660
SP,354610,354740
SP,354620,351270
SP,354620,352670
SP,354620,353930
SP,354620,350200
SP,354625,355140
SP,354625,355090
SP,354625,350940
SP,354625,350100
SP,354630,354750
SP,354630,354070
SP,354630,355330
SP,354630,350030
SP,354630,351080
SP,354630,353930
SP,354640,350055
SP,354640,353380
SP,354640,353470
SP,354640,352750
SP,354640,355720
SP,354640,350630
SP,354640,355550
SP,354640,351519
SP,354640,353657
SP,354640,351015
SP,354640,350830
SP,354640,352090
SP,354640,350070
SP,354640,355050
SP,354650,351860
SP,354650,355370
SP,354650,351400
SP,354660,354450
SP,354660,355490
SP,354660,354610
SP,354660,350260
SP,354660,354740
SP,354660,353284
SP,354670,350330
SP,354670,354390
SP,354670,351240
SP,354670,352140
SP,354680,351880
SP,354680,351830
SP,354680,352020
SP,354680,353060
SP,354680,350390
SP,354680,352440
SP,354680,353240
SP,354690,354890
SP,354690,350320
SP,354690,350170
SP,354690,354370
SP,354700,351410
SP,354700,350750
SP,354700,350230
SP,354700,355040
SP,354700,355470
SP,354700,353870
SP,354710,354930
SP,354710,353540
SP,354710,355510
SP,354710,353480
SP,354710,353310
SP,354710,353640
SP,354720,355490
SP,354720,354765
SP,354720,353520
SP,354720,354740
SP,354720,350395
SP,354730,353910
SP,354730,352250
SP,354730,350275
SP,354730,355030
SP,354730,355060
SP,354730,350920
SP,354730,350570
SP,354740,355490
SP,354740,354720
SP,354740,354610
SP,354740,354570
SP,354740,354660
SP,354740,350395
SP,354750,354760
SP,354750,354070
SP,354750,355330
SP,354750,355090
SP,354750,352760
SP,354750,351370
SP,354750,354630
SP,354760,354750
SP,354760,355330
SP,354760,355090
SP,354760,350940
SP,354765,354720
SP,354765,355580
SP,354765,353520
SP,354765,354900
SP,354765,350395
SP,354770,354120
SP,354770,352870
SP,354770,353830
SP,354770,353020
SP,354770,354323
SP,354780,354870
SP,354780,354410
SP,354780,355250
SP,354780,351350
SP,354780,354330
SP,354780,354850
SP,354780,352940
SP,354780,355030
SP,354780,353060
SP,354780,354880
SP,354790,351090
SP,354790,350940
SP,354790,350100
SP,354800,353710
SP,354800,353080
SP,354800,352470
SP,354800,350190
SP,354800,352260
SP,354800,351905
SP,354805,353740
SP,354805,350280
SP,354805,351890
SP,354805,353330
SP,354805,350420
SP,354805,353286
SP,354805,351690
SP,354805,355230
SP,354805,350810
SP,354805,352725
SP,354810,351518
SP,354810,354910
SP,354820,350970
SP,354820,353170
SP,354820,353800
SP,354820,354860
SP,354830,354120
SP,354830,351580
SP,354830,354140
SP,354830,350080
SP,354830,351512
SP,354840,350335
SP,354840,353770
SP,354840,352770
SP,354840,351190
SP,354840,351920
SP,354850,351870
SP,354850,354780
SP,354850,355100
SP,354850,351350
SP,354850,353060
SP,354850,350635
SP,354860,350970
SP,354860,354820
SP,354870,354780
SP,354870,355100
SP,354870,351350
SP,354870,351380
SP,354870,355030
SP,354870,354880
SP,354880,354870
SP,354880,354780
SP,354880,355030
SP,354890,354290
SP,354890,350170
SP,354890,350200
SP,354890,351370
SP,354890,354690
SP,354890,350790
SP,354890,351930
SP,354890,350320
SP,354890,352360
SP,354890,352760
SP,354890,354370
SP,354900,354765
SP,354900,352480
SP,354900,355580
SP,354900,353520
SP,354900,351385
SP,354910,350040
SP,354910,350030
SP,354910,355640
SP,354910,351518
SP,354910,354810
SP,354920,354025
SP,354920,351520
SP,354920,354925
SP,354920,351550
SP,354925,352830
SP,354925,351690
SP,354925,354025
SP,354925,354920
SP,354925,351550
SP,354925,352960
SP,354930,354710
SP,354930,351100
SP,354930,353160
SP,354930,353310
SP,354930,353320
SP,354930,353640
SP,354940,353190
SP,354940,353360
SP,354940,352130
SP,354940,353430
SP,354940,351770
SP,354950,352410
SP,354950,351770
SP,354950,351620
SP,354950,354270
SP,354950,353360
SP,354950,350590
SP,354950,354310
SP,354960,350350
SP,354960,350490
SP,354960,351360
SP,354960,350315
SP,354970,355360
SP,354970,353050
SP,354970,351080
SP,354970,352380
SP,354970,351390
SP,354970,350870
SP,354970,355080
SP,354980,353030
SP,354980,351750
SP,354980,350460
SP,354980,353400
SP,354980,351130
SP,354980,352115
SP,354990,350850
SP,354990,352550
SP,354990,352440
SP,354990,352020
SP,354990,352490
SP,354990,353170
SP,354995,351300
SP,354995,352220
SP,354995,352620
SP,354995,351510
SP,354995,351970
SP,355000,353230
SP,355000,355540
SP,355000,355410
SP,355000,354230
SP,355000,352630
SP,355000,351360
SP,355010,350360
SP,355010,350530
SP,355010,352680
SP,355010,351410
SP,355010,352000
SP,355010,354105
SP,355010,350750
SP,355010,352980
SP,355020,355350
SP,355020,353790
SP,355020,351020
SP,355020,352230
SP,355020,355180
SP,355030,354870
SP,355030,352220
SP,355030,354730
SP,355030,352850
SP,355030,350920
SP,355030,350900
SP,355030,351300
SP,355030,351380
SP,355030,352620
SP,355030,355280
SP,355030,352210
SP,355030,351510
SP,355030,353980
SP,355030,354780
SP,355030,353440
SP,355030,351570
SP,355030,352310
SP,355030,350570
SP,355030,355100
SP,355030,352940
SP,355030,351880
SP,355030,354880
SP,355030,351500
SP,355040,354700
SP,355040,351170
SP,355040,352360
SP,355040,350790
SP,355040,355470
SP,355040,350060
SP,355040,353870
SP,355050,353370
SP,355050,353470
SP,355050,350980
SP,355050,350150
SP,355050,355550
SP,355050,354320
SP,355050,354640
SP,355050,354540
SP,355050,352780
SP,355060,352840
SP,355060,354730
SP,355060,351300
SP,355060,352250
SP,355060,352390
SP,355060,355645
SP,355060,350275
SP,355060,351970
SP,355070,350635
SP,355070,351050
SP,355070,354500
SP,355080,350040
SP,355080,352380
SP,355080,354970
SP,355080,351390
SP,355080,355640
SP,355090,354750
SP,355090,354760
SP,355090,350940
SP,355090,354625
SP,355090,355140
SP,355090,352760
SP,355090,351310
SP,355100,354870
SP,355100,351350
SP,355100,354850
SP,355100,354100
SP,355100,352210
SP,355100,355030
SP,355100,353110
SP,355110,351030
SP,355110,350075
SP,355110,354530
SP,355110,350290
SP,355110,353790
SP,355110,352230
SP,355120,353880
SP,355120,355460
SP,355120,351540
SP,355130,353260
SP,355130,353140
SP,355130,355340
SP,355130,351290
SP,355130,355710
SP,355140,355090
SP,355140,354625
SP,355140,350100
SP,355140,355150
SP,355140,351310
SP,355150,350100
SP,355150,355140
SP,355150,350780
SP,355150,354340
SP,355150,351310
SP,355160,355210
SP,355160,352700
SP,355160,350190
SP,355160,352260
SP,355160,353120
SP,355170,353950
SP,355170,351460
SP,355170,350560
SP,355170,354020
SP,355170,352430
SP,355170,354340
SP,355170,352510
SP,355180,354260
SP,355180,355350
SP,355180,351020
SP,355180,355020
SP,355180,351480
SP,355180,352610
SP,355190,353150
SP,355190,350930
SP,355190,351200
SP,355190,350550
SP,355190,353390
SP,355200,350860
SP,355200,352660
SP,355200,352720
SP,355200,350350
SP,355200,351340
SP,355200,354190
SP,355200,351360
SP,355210,355160
SP,355210,353680
SP,355210,350050
SP,355210,352700
SP,355210,353820
SP,355210,353120
SP,355220,352840
SP,355220,350290
SP,355220,354060
SP,355220,352390
SP,355220,354530
SP,355220,352100
SP,355220,355700
SP,355220,350115
SP,355230,353740
SP,355230,355255
SP,355230,353520
SP,355230,351890
SP,355230,350260
SP,355230,354805
SP,355230,352910
SP,355240,350950
SP,355240,354580
SP,355240,353650
SP,355240,351907
SP,355240,353180
SP,355240,353340
SP,355250,354780
SP,355250,354410
SP,355250,354330
SP,355250,351570
SP,355250,352310
SP,355250,352940
SP,355250,353060
SP,355250,353980
SP,355255,354450
SP,355255,353740
SP,355255,350260
SP,355255,355230
SP,355255,352044
SP,355260,355560
SP,355260,351120
SP,355260,350930
SP,355260,351110
SP,355260,351495
SP,355260,353325
SP,355260,353390
SP,355270,352270
SP,355270,351960
SP,355270,352930
SP,355270,353290
SP,355280,351300
SP,355280,351500
SP,355280,353440
SP,355280,355030
SP,355290,352920
SP,355290,354240
SP,355290,353215
SP,355290,350240
SP,355290,353220
SP,355300,355380
SP,355300,352280
SP,355300,351260
SP,355300,355420
SP,355300,351540
SP,355310,353130
SP,355310,355690
SP,355310,355320
SP,355310,353900
SP,355310,350610
SP,355320,355365
SP,355320,353130
SP,355320,355310
SP,355320,352430
SP,355320,350610
SP,355330,354750
SP,355330,353050
SP,355330,354760
SP,355330,351080
SP,355330,350940
SP,355330,354630
SP,355340,353140
SP,355340,353040
SP,355340,350480
SP,355340,351290
SP,355340,355130
SP,355340,353500
SP,355350,353780
SP,355350,355180
SP,355350,353790
SP,355350,352990
SP,355350,355020
SP,355350,351970
SP,355350,352610
SP,355360,350870
SP,355360,353050
SP,355360,354970
SP,355365,352430
SP,355365,355320
SP,355365,353950
SP,355365,350610
SP,355370,353130
SP,355370,354650
SP,355370,352270
SP,355370,351400
SP,355370,352930
SP,355370,351860
SP,355370,351560
SP,355370,351010
SP,355370,352430
SP,355380,355300
SP,355380,351260
SP,355380,352180
SP,355380,355420
SP,355385,351020
SP,355385,352240
SP,355385,350800
SP,355390,354120
SP,355390,351530
SP,355390,353920
SP,355390,350130
SP,355390,354550
SP,355395,352880
SP,355395,351610
SP,355395,350400
SP,355395,351330
SP,355395,351000
SP,355400,351160
SP,355400,350700
SP,355400,350075
SP,355400,351030
SP,355400,351850
SP,355400,354165
SP,355400,352100
SP,355400,351150
SP,355400,352230
SP,355410,355480
SP,355410,353800
SP,355410,355000
SP,355410,353170
SP,355410,352630
SP,355410,354430
SP,355410,350850
SP,355410,354230
SP,355420,355300
SP,355420,355380
SP,355420,353880
SP,355420,352180
SP,355420,351540
SP,355430,354425
SP,355430,352870
SP,355430,351535
SP,355430,353020
SP,355430,354130
SP,355440,355680
SP,355440,353190
SP,355440,351200
SP,355440,350610
SP,355440,352420
SP,355450,352585
SP,355450,352640
SP,355450,350700
SP,355450,354210
SP,355450,353870
SP,355450,354060
SP,355450,353090
SP,355450,354400
SP,355450,354515
SP,355450,351150
SP,355460,355120
SP,355460,353880
SP,355460,352090
SP,355460,355720
SP,355460,351540
SP,355465,350690
SP,355465,351850
SP,355465,354050
SP,355470,351410
SP,355470,355040
SP,355470,354700
SP,355470,350790
SP,355475,351430
SP,355475,350670
SP,355475,354290
SP,355480,355410
SP,355480,353170
SP,355480,353800
SP,355490,354720
SP,355490,353520
SP,355490,354660
SP,355490,354740
SP,355490,353284
SP,355495,350190
SP,355495,350760
SP,355495,353820
SP,355495,353200
SP,355495,353120
SP,355500,350580
SP,355500,351900
SP,355500,354200
SP,355500,352560
SP,355500,350335
SP,355500,354220
SP,355500,354170
SP,355500,351920
SP,355510,351440
SP,355510,352600
SP,355510,353160
SP,355510,353480
SP,355510,353310
SP,355510,354710
SP,355520,355715
SP,355520,353100
SP,355520,352810
SP,355520,353960
SP,355520,353330
SP,355520,351680
SP,355520,350810
SP,355520,352725
SP,355530,353475
SP,355530,354040
SP,355530,353590
SP,355530,351800
SP,355530,351520
SP,355530,351420
SP,355530,355695
SP,355535,350510
SP,355535,350020
SP,355535,352950
SP,355535,352570
SP,355535,354160
SP,355540,353230
SP,355540,355000
SP,355540,351050
SP,355540,351360
SP,355550,351660
SP,355550,354640
SP,355550,352750
SP,355550,350150
SP,355550,355050
SP,355560,355260
SP,355560,351120
SP,355560,351750
SP,355560,351940
SP,355560,353390
SP,355560,351130
SP,355570,353140
SP,355570,352810
SP,355570,353960
SP,355570,353270
SP,355580,354765
SP,355580,352480
SP,355580,353590
SP,355580,354900
SP,355580,354570
SP,355580,350395
SP,355590,354010
SP,355590,353890
SP,355590,353350
SP,355590,350470
SP,355600,352885
SP,355600,353350
SP,355600,351940
SP,355600,354080
SP,355600,351492
SP,355600,352150
SP,355610,353690
SP,355610,353625
SP,355610,352830
SP,355610,355710
SP,355610,352960
SP,355620,350950
SP,355620,352340
SP,355620,355670
SP,355620,353200
SP,355620,352400
SP,355630,350280
SP,355630,350620
SP,355630,352740
SP,355630,351820
SP,355630,350010
SP,355630,352650
SP,355630,351600
SP,355635,350760
SP,355635,353680
SP,355635,352550
SP,355635,353860
SP,355640,350040
SP,355640,350030
SP,355640,351080
SP,355640,352380
SP,355640,354910
SP,355640,355080
SP,355645,352250
SP,355645,351300
SP,355645,355060
SP,355650,352590
SP,355650,350960
SP,355660,351670
SP,355660,352900
SP,355660,353370
SP,355660,350140
SP,355660,352780
SP,355670,352730
SP,355670,352340
SP,355670,355620
SP,355670,352400
SP,355680,350610
SP,355680,353190
SP,355680,353950
SP,355680,355440
SP,355690,353130
SP,355690,350370
SP,355690,353900
SP,355690,355310
SP,355695,355530
SP,355695,351520
SP,355695,352480
SP,355695,351420
SP,355700,353780
SP,355700,354530
SP,355700,355220
SP,355700,350115
SP,355700,351970
SP,355710,353260
SP,355710,353625
SP,355710,352830
SP,355710,351290
SP,355710,355130
SP,355710,355610
SP,355710,351590
SP,355710,350120
SP,355715,351710
SP,355715,355520
SP,355715,350510
SP,355715,350810
SP,355715,352570
SP,355715,353960
SP,355715,353730
SP,355720,354640
SP,355720,355460
SP,355720,351015
SP,355720,352090
SP,355730,353070
SP,355730,351518
