cod_mun6,municipio,incidencia,lisa_I,lisa_p,classe_lisa
350010,ADAMANTINA,15.755763678201353,-0.3041879543975017,0.033,Baixo-Alto
350020,ADOLFO,18.335562362483284,0.06281555217956601,0.146,Não significativo
350030,AGUAI,27.987425554774443,0.005506933934779309,0.395,Não significativo
350040,AGUAS DA PRATA,9.535989947944714,0.09903941609437925,0.253,Não significativo
350050,AGUAS DE LINDOIA,15.400237741170129,0.05897416675306373,0.445,Não significativo
350055,AGUAS DE SANTA BARBARA,14.377849895247092,-0.056257499593714344,0.187,Não significativo
350060,AGUAS DE SAO PEDRO,16.20587949308009,0.05937733684433864,0.489,Não significativo
350070,AGUDOS,28.31400705726626,0.0024180903426087906,0.324,Não significativo
350075,ALAMBARI,8.193430507419151,-0.04298220770267802,0.225,Não significativo
350080,ALFREDO MARCONDES,7.193948861300665,-0.19904336302065212,0.107,Não significativo
350090,ALTAIR,21.79648961798784,0.033472403458700735,0.421,Não significativo
350100,ALTINOPOLIS,12.476930675053936,0.007740754529532252,0.351,Não significativo
350110,ALTO ALEGRE,40.21157474713106,0.04426865396169491,0.098,Não significativo
350115,ALUMINIO,20.188777532133805,0.005295024205904105,0.293,Não significativo
350120,ALVARES FLORENCE,8.366363037408101,0.09844097562831662,0.161,Não significativo
350130,ALVARES MACHADO,13.992002643308451,-0.09640248909733663,0.133,Não significativo
350140,ALVARO DE CARVALHO,370.7722915536263,1.0818827467755014,0.148,Não significativo
350150,ALVINLANDIA,17.061449654505644,0.05291417337759677,0.368,Não significativo
350160,AMERICANA,23.20419751924273,0.02215204743997491,0.46,Não significativo
350170,AMERICO BRASILIENSE,106.57486916315229,-0.20517932527780808,0.457,Não significativo
350180,AMERICO DE CAMPOS,10.87082560296846,0.11789569487163698,0.043,Baixo-Baixo
350190,AMPARO,27.47275407063099,0.027339286383388603,0.093,Não significativo
350200,ANALANDIA,7.815323896329728,-0.051255982699826674,0.208,Não significativo
350210,ANDRADINA,44.469149527515285,0.038126112697653716,0.153,Não significativo
350220,ANGATUBA,18.67106805977729,-0.032147863463249333,0.218,Não significativo
350230,ANHEMBI,24.47381302006853,0.008063734658099257,0.36,Não significativo
350240,ANHUMAS,13.223869083696073,0.055017041621349176,0.454,Não significativo
350250,APARECIDA,50.745012411790896,0.18750862603998095,0.061,Não significativo
350260,APARECIDA DOESTE,7.55629439322956,0.15508894435641465,0.002,Baixo-Baixo
350270,APIAI,13.801806064907922,0.07531727310817508,0.149,Não significativo
350275,ARACARIGUAMA,37.95827454575405,0.001403292808215681,0.32,Não significativo
350280,ARACATUBA,28.552242436284978,-0.09644359867682203,0.009,Baixo-Alto
350290,ARACOIABA DA SERRA,17.1638925901669,-0.06905448963585405,0.154,Não significativo
350300,ARAMINA,3.2180726962622086,0.15900349875607414,0.045,Baixo-Baixo
350310,ARANDU,15.652820442583495,-0.07770260546082322,0.147,Não significativo
350315,ARAPEI,16.940538709130948,-0.016225580119029883,0.167,Não significativo
350320,ARARAQUARA,21.803917179846614,0.01969731482658217,0.483,Não significativo
350330,ARARAS,31.495725431951254,0.006249966563200919,0.392,Não significativo
350335,ARCO-IRIS,4.1393298424984994,0.11841500404417321,0.168,Não significativo
350340,AREALVA,14.88324624862463,-0.11191799506869098,0.111,Não significativo
350350,AREIAS,28.62803027700482,0.024156968872715172,0.128,Não significativo
350360,AREIOPOLIS,14.45951536524334,0.031952359088321176,0.415,Não significativo
350370,ARIRANHA,5.204809243741217,0.14943870463824085,0.009,Baixo-Baixo
350380,ARTUR NOGUEIRA,12.696006265852503,0.061981255963994654,0.416,Não significativo
350390,ARUJA,33.111205488688555,-0.001301930441841034,0.229,Não significativo
350395,ASPASIA,11.370613785732154,0.10015103933786532,0.114,Não significativo
350400,ASSIS,37.65615591383855,-0.012513471157344302,0.254,Não significativo
350410,ATIBAIA,26.69352047155676,0.002033442894728086,0.369,Não significativo
350420,AURIFLAMA,16.784709129982584,0.07348849523473917,0.11,Não significativo
350430,AVAI,4.412361672461568,-0.3071357228313829,0.056,Não significativo
350440,AVANHANDAVA,117.86048553898064,-0.12713361305955337,0.365,Não significativo
350450,AVARE,35.73117852849049,0.0020478188795609673,0.241,Não significativo
350460,BADY BASSITT,18.248424932822985,0.05973379681395319,0.236,Não significativo
350470,BALBINOS,844.8204917189589,11.452505394223984,0.057,Não significativo
350480,BALSAMO,12.717792191275596,0.09076468515534251,0.123,Não significativo
350490,BANANAL,62.63455021341375,-0.1252045233651022,0.242,Não significativo
350500,BARAO DE ANTONINA,19.502047715010075,0.025800609150776685,0.359,Não significativo
350510,BARBOSA,25.25011260185349,-0.0009807291729494894,0.306,Não significativo
350520,BARIRI,15.994924635678627,0.06350837139644248,0.197,Não significativo
350530,BARRA BONITA,24.508375082834743,0.021627318460414876,0.472,Não significativo
350535,BARRA DO CHAPEU,8.090614886731391,0.0890788698232406,0.324,Não significativo
350540,BARRA DO TURVO,22.23420398770449,-0.014717606080561198,0.247,Não significativo
350550,BARRETOS,33.13222195967263,0.0031511662642535027,0.166,Não significativo
350560,BARRINHA,22.851394078758265,0.050165379280555825,0.086,Não significativo
350570,BARUERI,47.25894153045308,0.042246694909827374,0.194,Não significativo
350580,BASTOS,14.774646706252073,0.046008279936809095,0.454,Não significativo
350590,BATATAIS,10.968219583756069,0.11821219426130847,0.005,Baixo-Baixo
350600,BAURU,56.95451599085696,0.07224722172533898,0.168,Não significativo
350610,BEBEDOURO,27.233400718542804,0.028135113211715745,0.082,Não significativo
350620,BENTO DE ABREU,25.65541569790748,-0.06532472307542372,0.111,Não significativo
350630,BERNARDINO DE CAMPOS,71.1258966002574,-0.1350187009000222,0.272,Não significativo
350635,BERTIOGA,85.02357357921683,0.3597315554903167,0.106,Não significativo
350640,BILAC,7.774515139373135,0.0974615449753549,0.252,Não significativo
350650,BIRIGUI,23.946278365049817,0.03007803330582388,0.362,Não significativo
350660,BIRITIBA MIRIM,25.35702544400594,-0.008960354389778111,0.228,Não significativo
350670,BOA ESPERANCA DO SUL,28.06552827838481,0.020335116207094654,0.196,Não significativo
350680,BOCAINA,21.336436815051886,0.044272617887775916,0.316,Não significativo
350690,BOFETE,21.530795628809084,-0.010205423628381173,0.25,Não significativo
350700,BOITUVA,20.3842726600311,-0.012181058272933736,0.258,Não significativo
350710,BOM JESUS DOS PERDOES,18.823997784393825,0.03833871915313246,0.463,Não significativo
350715,BOM SUCESSO DE ITARARE,16.648828635985254,0.06902494712922869,0.213,Não significativo
350720,BORA,704.3650793650794,-1.9417139548099747,0.456,Não significativo
350730,BORACEIA,7.698896170761517,0.10315086317213157,0.281,Não significativo
350740,BORBOREMA,15.575454259592863,-0.15270596280955184,0.079,Não significativo
350745,BOREBI,17.553406238480576,-0.07409535110107142,0.13,Não significativo
350750,BOTUCATU,33.05757618523251,0.0027176556772275135,0.26,Não significativo
350760,BRAGANCA PAULISTA,31.577698379491167,0.00989873362251498,0.082,Não significativo
350770,BRAUNA,13.272390938275086,0.07565925378271593,0.224,Não significativo
350775,BREJO ALEGRE,29.73830293417922,0.015322890488897007,0.275,Não significativo
350780,BRODOWSKI,12.988178847222729,0.043622477042120016,0.457,Não significativo
350790,BROTAS,10.27094369050223,-0.009239116287393956,0.315,Não significativo
350800,BURI,19.51339298438709,0.03360403220109263,0.451,Não significativo
350810,BURITAMA,22.458728783106807,0.04783545797831078,0.08,Não significativo
350820,BURITIZAL,2.036120782684829,0.18151811240582927,0.006,Baixo-Baixo
350830,CABRALIA PAULISTA,8.524099523597549,0.1174342326173347,0.075,Não significativo
350840,CABREUVA,25.742558512139755,0.00436148141633544,0.348,Não significativo
350850,CACAPAVA,30.58833634762857,0.014081537370518144,0.143,Não significativo
350860,CACHOEIRA PAULISTA,26.56398946848501,0.01627030766274947,0.477,Não significativo
350870,CACONDE,12.49684686039865,0.12490268830051783,0.026,Baixo-Baixo
350880,CAFELANDIA,15.1650334768114,0.05993541374045377,0.325,Não significativo
350890,CAIABU,5.279552293965472,-0.028470957095670973,0.245,Não significativo
350900,CAIEIRAS,31.12897290722509,-0.011632912385775941,0.14,Não significativo
350910,CAIUA,146.56200317965025,1.7564640524546469,0.043,Alto-Alto
350920,CAJAMAR,29.37900135877881,-0.015719607575455267,0.149,Não significativo
350925,CAJATI,41.18885892306416,-0.010935472832580761,0.323,Não significativo
350930,CAJOBI,8.390928964161901,0.12661441022450365,0.033,Baixo-Baixo
350940,CAJURU,11.021712774165106,0.1274333142615103,0.001,Baixo-Baixo
350945,CAMPINA DO MONTE ALEGRE,16.24515414436035,0.03014664001017797,0.374,Não significativo
350950,CAMPINAS,44.60678217064993,-0.02538828369838935,0.384,Não significativo
350960,CAMPO LIMPO PAULISTA,28.984159107718973,-0.006522875973966415,0.235,Não significativo
350970,CAMPOS DO JORDAO,308.92128582008417,-1.0522745057300438,0.256,Não significativo
350980,CAMPOS NOVOS PAULISTA,19.02311761721864,0.04712149441802096,0.322,Não significativo
350990,CANANEIA,71.96637948007685,0.17410556420258846,0.142,Não significativo
350995,CANAS,11.27766552323669,0.015340537806509602,0.277,Não significativo
351000,CANDIDO MOTA,20.228526155203365,-0.15488296118544467,0.054,Não significativo
351010,CANDIDO RODRIGUES,9.127279918462966,0.09021129505650356,0.313,Não significativo
351015,CANITAR,32.58110981548803,0.002890008556592944,0.413,Não significativo
351020,CAPAO BONITO,28.014574762100587,0.011466385685095863,0.466,Não significativo
351030,CAPELA DO ALTO,87.46789328917019,-0.02690043809850512,0.325,Não significativo
351040,CAPIVARI,28.41156681947325,0.011355776411084198,0.49,Não significativo
351050,CARAGUATATUBA,80.16590389455094,0.009435131616505632,0.291,Não significativo
351060,CARAPICUIBA,53.84282871366421,0.023180795455705675,0.223,Não significativo
351070,CARDOSO,17.580998170141008,0.0010439496964289809,0.296,Não significativo
351080,CASA BRANCA,70.86876771719193,-0.13804447740362302,0.189,Não significativo
351090,CASSIA DOS COQUEIROS,3.0421489740352587,0.14734117703228494,0.121,Não significativo
351100,CASTILHO,25.51190440620468,-0.008314713944480693,0.235,Não significativo
351110,CATANDUVA,21.543354060035377,0.07707267602230908,0.001,Baixo-Baixo
351120,CATIGUA,8.356612468065803,0.12082778398360249,0.069,Não significativo
351130,CEDRAL,10.732876589807343,0.08168899948692196,0.235,Não significativo
351140,CERQUEIRA CESAR,82.10884384431802,0.042923195772771365,0.278,Não significativo
351150,CERQUILHO,13.611945590204463,0.056093252883655735,0.387,Não significativo
351160,CESARIO LANGE,15.364602005592715,0.05322662399693653,0.405,Não significativo
351170,CHARQUEADA,15.415489483833356,-0.1227060746427082,0.113,Não significativo
351190,CLEMENTINA,6.825133865693775,0.12753717066514375,0.026,Baixo-Baixo
351200,COLINA,20.53635288535758,0.047754571126764775,0.232,Não significativo
351210,COLOMBIA,12.061109622085231,0.04873339940397008,0.362,Não significativo
351220,CONCHAL,34.71756854297632,-0.0016110544732955098,0.429,Não significativo
351230,CONCHAS,35.39521552492701,-0.0021517128639439833,0.437,Não significativo
351240,CORDEIROPOLIS,11.361557496220838,0.04881706824428364,0.44,Não significativo
351250,COROADOS,17.01507049100632,0.07367361647273281,0.092,Não significativo
351260,CORONEL MACEDO,21.47784774783289,0.013882162892799336,0.379,Não significativo
351270,CORUMBATAI,7.333375238334694,-0.07099338407678471,0.201,Não significativo
351280,COSMOPOLIS,24.306902347573928,0.02851135643447435,0.399,Não significativo
351290,COSMORAMA,14.459689598663282,0.08917835415227011,0.075,Não significativo
351300,COTIA,32.83348977487805,-0.0020508466297234473,0.219,Não significativo
351310,CRAVINHOS,12.88761473922306,-0.058944381078568565,0.185,Não significativo
351320,CRISTAIS PAULISTA,4.691458418040221,0.17840991580070636,0.001,Baixo-Baixo
351330,CRUZALIA,10.97775175644028,-0.2944337174898349,0.063,Não significativo
351340,CRUZEIRO,52.931566966960695,-0.08156705688615194,0.176,Não significativo
351350,CUBATAO,111.949368799591,0.8061898899720578,0.059,Não significativo
351360,CUNHA,13.137497044063164,0.03070955878215402,0.427,Não significativo
351370,DESCALVADO,15.8848964250906,0.06621761987036451,0.211,Não significativo
351380,DIADEMA,45.89295010675241,0.04561967755868068,0.13,Não significativo
351385,DIRCE REIS,10.081153283935684,0.08131708769207595,0.313,Não significativo
351390,DIVINOLANDIA,6.241051433606226,0.1303065652072357,0.157,Não significativo
351400,DOBRADA,9.305547657328376,0.1064075640252314,0.129,Não significativo
351410,DOIS CORREGOS,10.989124201142182,0.08907436418166019,0.124,Não significativo
351420,DOLCINOPOLIS,11.637604980894931,0.07747364369236891,0.3,Não significativo
351430,DOURADO,6.424670735624799,0.08577550889430943,0.275,Não significativo
351440,DRACENA,65.28781603174345,0.2197949002980926,0.082,Não significativo
351450,DUARTINA,20.271502996803857,0.03697256864967243,0.399,Não significativo
351460,DUMONT,9.079719941082706,0.07403156999489274,0.38,Não significativo
351470,ECHAPORA,12.413108242303872,0.06328574785650706,0.311,Não significativo
351480,ELDORADO,36.34359593070885,-0.0011802681028440585,0.367,Não significativo
351490,ELIAS FAUSTO,15.776705306662942,0.02146404381198296,0.382,Não significativo
351492,ELISIARIO,5.511387905259242,0.15386689817112464,0.016,Baixo-Baixo
351495,EMBAUBA,5.209418628881017,0.15950264459457264,0.011,Baixo-Baixo
351500,EMBU DAS ARTES,46.02512436492413,0.04374240327991018,0.167,Não significativo
351510,EMBU-GUACU,43.61495505419586,0.025365705169431655,0.182,Não significativo
351512,EMILIANOPOLIS,15.294346653318874,-0.1779848334977846,0.075,Não significativo
351515,ENGENHEIRO COELHO,21.448506582337416,0.021673817274859314,0.39,Não significativo
351518,ESPIRITO SANTO DO PINHAL,25.134321068056007,0.03186518891043545,0.204,Não significativo
351519,ESPIRITO SANTO DO TURVO,31.44462702614976,0.009834850580519368,0.298,Não significativo
351520,ESTRELA DOESTE,15.911973036438416,0.061163814985165044,0.238,Não significativo
351530,ESTRELA DO NORTE,4.712091226086137,0.11346833372969745,0.273,Não significativo
351535,EUCLIDES DA CUNHA PAULISTA,16.02468717521393,0.04606511498101035,0.438,Não significativo
351540,FARTURA,25.667419048400284,0.022875055898243322,0.366,Não significativo
351550,FERNANDOPOLIS,24.678196938275068,0.0434777455396027,0.028,Baixo-Baixo
351560,FERNANDO PRESTES,8.824178248400617,0.11886416264304923,0.035,Baixo-Baixo
351565,FERNAO,18.54501139193557,0.030700401091320762,0.376,Não significativo
351570,FERRAZ DE VASCONCELOS,47.77895035043286,0.026995495936491923,0.197,Não significativo
351580,FLORA RICA,16.828945786753216,-0.3956380826544257,0.015,Baixo-Alto
351590,FLOREAL,19.784909766679387,0.03909216962676717,0.434,Não significativo
351600,FLORIDA PAULISTA,169.12225549398622,4.1823499544994105,0.002,Alto-Alto
351610,FLORINEA,317.5256141613853,-1.3298753562934105,0.094,Não significativo
351620,FRANCA,20.7606119577795,0.08864440314525637,0.001,Baixo-Baixo
351630,FRANCISCO MORATO,40.02209974531391,0.017842547303829743,0.186,Não significativo
351640,FRANCO DA ROCHA,84.28748662291294,-0.03659037826177173,0.379,Não significativo
351650,GABRIEL MONTEIRO,13.717002987258429,0.0913305546661152,0.083,Não significativo
351660,GALIA,41.40811599073418,-0.032916141258226166,0.051,Não significativo
351670,GARCA,26.0723215067467,-0.09032875003220359,0.041,Baixo-Alto
351680,GASTAO VIDIGAL,14.51508452245372,0.07132902201957264,0.179,Não significativo
351685,GAVIAO PEIXOTO,15.850520270018276,0.05850806787921588,0.371,Não significativo
351690,GENERAL SALGADO,12.996679939033756,0.07162674494712928,0.244,Não significativo
351700,GETULINA,199.04995281485185,-0.3808788830449556,0.407,Não significativo
351710,GLICERIO,10.444260878647183,0.0803048927211989,0.281,Não significativo
351720,GUAICARA,14.539910088339775,-0.11244290413056493,0.108,Não significativo
351730,GUAIMBE,29.21032200536548,-0.02981233928026256,0.098,Não significativo
351740,GUAIRA,15.733967419607184,0.06794563815372096,0.234,Não significativo
351750,GUAPIACU,15.543726304265064,0.05572200718153138,0.361,Não significativo
351760,GUAPIARA,14.816632596128692,0.06908702819637814,0.23,Não significativo
351770,GUARA,20.78511439390823,0.0710084871434846,0.019,Baixo-Baixo
351780,GUARACAI,12.246147566078172,-0.35833502910408327,0.044,Baixo-Alto
351790,GUARACI,25.24402558061259,0.01040138654619709,0.339,Não significativo
351800,GUARANI DOESTE,4.213187276174426,0.1081982184442013,0.224,Não significativo
351810,GUARANTA,13.664669022195328,-0.3943514787357102,0.029,Baixo-Alto
351820,GUARARAPES,18.868543676576756,-0.014990341488821494,0.258,Não significativo
351830,GUARAREMA,13.56768424298489,0.03156366634673326,0.447,Não significativo
351840,GUARATINGUETA,30.665824801825337,-0.04437085199662039,0.048,Baixo-Alto
351850,GUAREI,162.56009615384616,-0.4172501114316958,0.279,Não significativo
351860,GUARIBA,16.822876288332335,0.08184519444563629,0.05,Baixo-Baixo
351870,GUARUJA,123.19238805178496,1.3180558567953455,0.055,Não significativo
351880,GUARULHOS,42.43366358030599,0.005096271760038243,0.298,Não significativo
351885,GUATAPARA,4.771305369507781,0.11975030416140416,0.101,Não significativo
351890,GUZOLANDIA,23.22082071668741,0.05669170904039949,0.048,Baixo-Baixo
351900,HERCULANDIA,8.596891746028714,0.10208081568950628,0.182,Não significativo
351905,HOLAMBRA,7.768690763732927,0.0692214688913742,0.457,Não significativo
351907,HORTOLANDIA,43.03785379586397,-0.004139672686391205,0.273,Não significativo
351910,IACANGA,11.857824682062075,-0.15211064643996056,0.113,Não significativo
351920,IACRI,6.521880910454576,0.10121826426305353,0.2,Não significativo
351925,IARAS,121.36165105191212,0.033340281356602185,0.279,Não significativo
351930,IBATE,13.534426659812867,0.06473313757434818,0.444,Não significativo
351940,IBIRA,13.365461356632514,0.11633446391383778,0.005,Baixo-Baixo
351950,IBIRAREMA,27.29789806184924,0.010171739476209724,0.394,Não significativo
351960,IBITINGA,32.846480602966444,0.004344011366559926,0.159,Não significativo
351970,IBIUNA,21.07112318981881,0.014204185869949197,0.45,Não significativo
351980,ICEM,37.39444441343744,-0.011371700188069225,0.357,Não significativo
351990,IEPE,27.55003085603456,-0.02069542609887243,0.169,Não significativo
352000,IGARACU DO TIETE,37.256482988005935,-0.010377788632482806,0.417,Não significativo
352010,IGARAPAVA,16.833664858720766,0.12440855340299656,0.001,Baixo-Baixo
352020,IGARATA,12.01634222542658,0.043006402625825835,0.468,Não significativo
352030,IGUAPE,64.99969531392821,0.23772929634491274,0.091,Não significativo
352040,ILHABELA,40.876004213372745,0.0,1.0,Não significativo
352042,ILHA COMPRIDA,56.6087632018247,0.18187037679819595,0.104,Não significativo
352044,ILHA SOLTEIRA,14.787983517213876,0.052799965595633824,0.451,Não significativo
352050,INDAIATUBA,23.17404301015158,0.018768970674320665,0.449,Não significativo
352060,INDIANA,10.95474846212185,-0.056128095641326224,0.173,Não significativo
352070,INDIAPORA,21.967676133689,0.05972547684253712,0.062,Não significativo
352080,INUBIA PAULISTA,11.675832194939694,-0.5010728179824138,0.021,Baixo-Alto
352090,IPAUSSU,22.25058485044208,0.008053794245742003,0.336,Não significativo
352100,IPERO,88.48761815594659,0.0608113433919116,0.259,Não significativo
352110,IPEUNA,18.122381838585337,-0.10847942497809458,0.104,Não significativo
352115,IPIGUA,15.641979780682975,0.0574983432027364,0.38,Não significativo
352120,IPORANGA,23.4721121966963,0.039124494786468976,0.218,Não significativo
352130,IPUA,14.762504443815113,0.0765818975579842,0.154,Não significativo
352140,IRACEMAPOLIS,16.99431424794914,0.028595801472000647,0.431,Não significativo
352150,IRAPUA,12.470086637411448,0.11294293068861488,0.02,Baixo-Baixo
352160,IRAPURU,242.38034211845988,4.984522271428405,0.033,Alto-Alto
352170,ITABERA,13.800812867877918,0.014846645085060834,0.36,Não significativo
352180,ITAI,38.70711269349197,-0.0034692612885597837,0.385,Não significativo
352190,ITAJOBI,6.236036700431642,0.1402170043871014,0.011,Baixo-Baixo
352200,ITAJU,17.877893984088676,0.04968929046394492,0.382,Não significativo
352210,ITANHAEM,93.7733091737753,0.8339687566799271,0.043,Alto-Alto
352215,ITAOCA,15.1511325471579,0.046641604613525775,0.44,Não significativo
352220,ITAPECERICA DA SERRA,52.48221220962563,0.037142304801506466,0.222,Não significativo
352230,ITAPETININGA,41.85745379822821,0.006410714425599853,0.293,Não significativo
352240,ITAPEVA,29.556008874405496,0.013914735499116551,0.242,Não significativo
352250,ITAPEVI,59.01895928139231,-0.005353216595663842,0.342,Não significativo
352260,ITAPIRA,31.80890467911407,0.006869122822799442,0.287,Não significativo
352265,ITAPIRAPUA PAULISTA,13.618412093149937,0.0642862229249846,0.474,Não significativo
352270,ITAPOLIS,15.831819635467076,0.07364889623573669,0.097,Não significativo
352280,ITAPORANGA,26.987733639774696,0.01739212918366775,0.462,Não significativo
352290,ITAPUI,19.54487401980772,0.059748449161932456,0.205,Não significativo
352300,ITAPURA,25.257117455699017,0.011625665413566825,0.323,Não significativo
352310,ITAQUAQUECETUBA,38.70729023946961,0.011443020519311982,0.191,Não significativo
352320,ITARARE,23.48672014228291,0.021040230765587007,0.456,Não significativo
352330,ITARIRI,49.50767368942186,0.15159114361383216,0.077,Não significativo
352340,ITATIBA,23.777874886230027,0.029033886828012216,0.355,Não significativo
352350,ITATINGA,25.56249099503158,0.022651115018062256,0.409,Não significativo
352360,ITIRAPINA,165.95400312769982,-0.542824922284389,0.08,Não significativo
352370,ITIRAPUA,5.771506074510143,0.21084610480754518,0.008,Baixo-Baixo
352380,ITOBI,6.479236745911332,0.02863194813140776,0.35,Não significativo
352390,ITU,31.996621242334975,0.002168701352398611,0.446,Não significativo
352400,ITUPEVA,17.71348932344497,0.032318679047477615,0.482,Não significativo
352410,ITUVERAVA,19.244324848602147,0.09099786499444715,0.001,Baixo-Baixo
352420,JABORANDI,7.772977244609117,0.07635975246191132,0.437,Não significativo
352430,JABOTICABAL,22.002613323726504,0.03608969168434861,0.293,Não significativo
352440,JACAREI,31.686634275884963,0.008365598496664059,0.223,Não significativo
352450,JACI,25.537847780622982,0.03810910286809333,0.126,Não significativo
352460,JACUPIRANGA,23.823881952664927,-0.05224582407837519,0.129,Não significativo
352470,JAGUARIUNA,24.922174035382344,0.019026664633362406,0.472,Não significativo
352480,JALES,20.589670644123757,0.04689108174822802,0.232,Não significativo
352490,JAMBEIRO,2.291283194965287,0.09355697198930706,0.374,Não significativo
352500,JANDIRA,28.072341620099643,-0.01961818978103601,0.162,Não significativo
352510,JARDINOPOLIS,38.30293460227364,-0.011404148712685736,0.44,Não significativo
352520,JARINU,25.114700675646706,0.009344926655045604,0.364,Não significativo
352530,JAU,25.29284575644416,0.03543138650381347,0.09,Não significativo
352540,JERIQUARA,4.855370646856755,0.1875458757052668,0.001,Baixo-Baixo
352550,JOANOPOLIS,10.16089247673506,0.08475737580534123,0.306,Não significativo
352560,JOAO RAMALHO,5.988741166606779,0.024659054001984867,0.353,Não significativo
352570,JOSE BONIFACIO,16.08575076812577,0.06606975934685907,0.118,Não significativo
352580,JULIO MESQUITA,18.32261299748305,-0.21551239752288923,0.042,Baixo-Alto
352585,JUMIRIM,10.511615334945114,0.052452023398333984,0.408,Não significativo
352590,JUNDIAI,36.2313776631944,-0.00115684765706198,0.398,Não significativo
352600,JUNQUEIROPOLIS,127.6624630753296,0.8034847132297619,0.044,Alto-Alto
352610,JUQUIA,45.143112562016185,0.03809128524382957,0.138,Não significativo
352620,JUQUITIBA,38.12844651251809,0.015263124078804277,0.158,Não significativo
352630,LAGOINHA,24.3908593152056,0.013696943332359981,0.425,Não significativo
352640,LARANJAL PAULISTA,39.74219124141968,-0.014317177297787467,0.451,Não significativo
352650,LAVINIA,617.9976874925242,15.676705716535134,0.017,Alto-Alto
352660,LAVRINHAS,12.451671948250851,0.028840655236783867,0.33,Não significativo
352670,LEME,33.661746501712045,0.0008639917593238768,0.378,Não significativo
352680,LENCOIS PAULISTA,27.976438069424507,0.01615487232266177,0.357,Não significativo
352690,LIMEIRA,31.709147096146104,0.005842302917163017,0.351,Não significativo
352700,LINDOIA,11.438521126313049,0.06993107463507807,0.39,Não significativo
352710,LINS,34.98856768892954,0.005096266860183295,0.138,Não significativo
352720,LORENA,35.59158405234887,-0.0062124191051315765,0.184,Não significativo
352725,LOURDES,4.079717683536299,0.11666387511936524,0.258,Não significativo
352730,LOUVEIRA,14.41558988172903,0.04358830524324157,0.443,Não significativo
352740,LUCELIA,89.19491525423729,0.621138433095887,0.055,Não significativo
352750,LUCIANOPOLIS,14.6375379661141,0.06561406580216497,0.273,Não significativo
352760,LUIS ANTONIO,6.553812584091198,0.11965234578396743,0.074,Não significativo
352770,LUIZIANIA,12.229744485695566,-0.045823189199252205,0.22,Não significativo
352780,LUPERCIO,10.915297293006272,0.07243775482766335,0.364,Não significativo
352790,LUTECIA,18.304960644334617,-0.31050043031598923,0.033,Baixo-Alto
352800,MACATUBA,17.80336941482868,0.03675806017389901,0.491,Não significativo
352810,MACAUBAL,6.06859721616895,0.12413559717345628,0.065,Não significativo
352820,MACEDONIA,8.789566784227123,0.10744318694191364,0.117,Não significativo
352830,MAGDA,32.23518793114564,0.007555361924874654,0.063,Não significativo
352840,MAIRINQUE,33.64706447849823,0.0004877271902295003,0.4,Não significativo
352850,MAIRIPORA,23.555705667114445,-0.026682000437773648,0.194,Não significativo
352860,MANDURI,16.80031239499805,0.009623959371953855,0.305,Não significativo
352870,MARABA PAULISTA,315.86238743939043,0.44280956053680626,0.23,Não significativo
352880,MARACAI,14.053826154170473,0.044487019063085075,0.447,Não significativo
352885,MARAPOAMA,4.479818418026789,0.16046809321054972,0.012,Baixo-Baixo
352890,MARIAPOLIS,11.077141211396162,-0.5086295251764079,0.014,Baixo-Alto
352900,MARILIA,36.57032583047551,0.022951879024243733,0.052,Não significativo
352910,MARINOPOLIS,0.0,0.20599113847741585,0.01,Baixo-Baixo
352920,MARTINOPOLIS,115.21075622820364,0.5142929077946432,0.103,Não significativo
352930,MATAO,18.947733031327825,0.0634123370974942,0.079,Não significativo
352940,MAUA,38.93253944052174,0.01006250705768649,0.219,Não significativo
352950,MENDONCA,16.661251759844717,0.08134801502676992,0.041,Baixo-Baixo
352960,MERIDIANO,11.062280640003218,0.06906056046972772,0.358,Não significativo
352965,MESOPOLIS,34.72749766674625,-0.004263381150381077,0.024,Alto-Baixo
352970,MIGUELOPOLIS,9.033974045182475,0.12050050304210605,0.066,Não significativo
352980,MINEIROS DO TIETE,15.752936669614376,0.05344504763105572,0.415,Não significativo
352990,MIRACATU,51.36223370022608,0.02021659935872662,0.233,Não significativo
353000,MIRA ESTRELA,11.537851363629809,0.0933876967626063,0.237,Não significativo
353010,MIRANDOPOLIS,214.61445394908836,6.236931353710709,0.002,Alto-Alto
353020,MIRANTE DO PARANAPANEMA,12.878267544745668,-0.38815580995089694,0.033,Baixo-Alto
353030,MIRASSOL,16.97888538436786,0.05965895922379327,0.219,Não significativo
353040,MIRASSOLANDIA,15.410695022345507,0.07824683489480048,0.13,Não significativo
353050,MOCOCA,24.34478203929373,0.03140072998767846,0.313,Não significativo
353060,MOGI DAS CRUZES,41.78369487691264,0.022495442681576043,0.191,Não significativo
353070,MOGI GUACU,23.36595101786815,0.016737203634810044,0.489,Não significativo
353080,MOGI MIRIM,22.14639860197895,0.03366922649784673,0.344,Não significativo
353090,MOMBUCA,33.08053271909727,0.002459847256572889,0.465,Não significativo
353100,MONCOES,22.372729676408973,0.05398727617812187,0.076,Não significativo
353110,MONGAGUA,154.97572886891237,2.1748594337054326,0.055,Não significativo
353120,MONTE ALEGRE DO SUL,4.433238203430218,0.12774427259626792,0.108,Não significativo
353130,MONTE ALTO,23.67211962311116,0.046805193957384646,0.034,Baixo-Baixo
353140,MONTE APRAZIVEL,13.684517141812652,0.09970271094939204,0.012,Baixo-Baixo
353150,MONTE AZUL PAULISTA,14.419418742138642,0.08792961844787175,0.091,Não significativo
353160,MONTE CASTELO,14.1281422502094,-0.2202461818144199,0.052,Não significativo
353170,MONTEIRO LOBATO,4.132060658650469,-0.06399397588917337,0.224,Não significativo
353180,MONTE MOR,27.771016794283003,0.008271271309188475,0.428,Não significativo
353190,MORRO AGUDO,20.963020340076685,0.04983053798330967,0.077,Não significativo
353200,MORUNGABA,11.00946469918358,0.05366635464048127,0.452,Não significativo
353205,MOTUCA,8.087752110397815,0.11701935859085015,0.045,Baixo-Baixo
353210,MURUTINGA DO SUL,4.181432349651374,-0.08548091048243063,0.179,Não significativo
353215,NANTES,30.356771956733613,-0.013238135044388066,0.153,Não significativo
353220,NARANDIBA,15.12495885121489,0.06557028141421789,0.364,Não significativo
353230,NATIVIDADE DA SERRA,12.164710175780062,-0.013417806373141923,0.279,Não significativo
353240,NAZARE PAULISTA,16.481787624674734,0.02875845329635411,0.476,Não significativo
353250,NEVES PAULISTA,14.138981628445809,0.07946906284868266,0.136,Não significativo
353260,NHANDEARA,15.34541313486599,0.07930272187284171,0.081,Não significativo
353270,NIPOA,15.689043164480006,0.07542268323783854,0.148,Não significativo
353280,NOVA ALIANCA,11.181226720336555,0.08787983127216771,0.177,Não significativo
353282,NOVA CAMPINA,22.13747371174997,0.04184122561822584,0.266,Não significativo
353284,NOVA CANAA PAULISTA,5.804391989939054,0.1477185663726674,0.035,Baixo-Baixo
353286,NOVA CASTILHO,3.866676977805274,0.09555656641637489,0.339,Não significativo
353290,NOVA EUROPA,11.674114751878363,0.05454009855537253,0.488,Não significativo
353300,NOVA GRANADA,16.56089773314432,0.059047523615047934,0.238,Não significativo
353310,NOVA GUATAPORANGA,11.60294714857574,-0.11849829848052951,0.115,Não significativo
353320,NOVA INDEPENDENCIA,82.170276435527,0.015323573109170896,0.28,Não significativo
353325,NOVAIS,5.870439402389269,0.13889850747234436,0.091,Não significativo
353330,NOVA LUZITANIA,29.69201284854374,0.023678907130431626,0.008,Baixo-Baixo
353340,NOVA ODESSA,19.37631698404501,0.032880940141139334,0.425,Não significativo
353350,NOVO HORIZONTE,13.708160125018422,0.035473960265601526,0.469,Não significativo
353360,NUPORANGA,1.8033614657721992,0.16296886610192798,0.016,Baixo-Baixo
353370,OCAUCU,19.712590431508605,0.03969016823110848,0.413,Não significativo
353380,OLEO,7.784645565087421,0.029444115799539313,0.372,Não significativo
353390,OLIMPIA,23.143488815746046,0.03814721649601251,0.192,Não significativo
353400,ONDA VERDE,15.21066774831415,0.05414527673280466,0.429,Não significativo
353410,ORIENTE,18.569080417873085,0.055892039717590665,0.31,Não significativo
353420,ORINDIUVA,15.13706613384194,0.05002348996600406,0.498,Não significativo
353430,ORLANDIA,15.654267407275457,0.09630625908353108,0.038,Baixo-Baixo
353440,OSASCO,47.79190316921649,0.04954713927762747,0.145,Não significativo
353450,OSCAR BRESSANE,13.237800539440371,0.09085013493438175,0.154,Não significativo
353460,OSVALDO CRUZ,49.2906201975406,-0.057732187561303216,0.153,Não significativo
353470,OURINHOS,30.943354832688957,-8.527578122001474e-05,0.262,Não significativo
353475,OUROESTE,25.983274469989315,0.04187580984113693,0.033,Baixo-Baixo
353480,OURO VERDE,19.54163997785281,-0.1024408497237135,0.101,Não significativo
353490,PACAEMBU,311.9730698758804,14.129322820048005,0.001,Alto-Alto
353500,PALESTINA,15.381893972604848,0.01439902136303093,0.404,Não significativo
353510,PALMARES PAULISTA,13.769391893583464,0.11354140991815888,0.007,Baixo-Baixo
353520,PALMEIRA DOESTE,10.105936578657142,0.11981925369586421,0.004,Baixo-Baixo
353530,PALMITAL,24.752726350494545,0.027319286161186507,0.469,Não significativo
353540,PANORAMA,26.907806412645524,-0.01901587227290698,0.2,Não significativo
353550,PARAGUACU PAULISTA,38.82791988975285,0.09484688517526613,0.023,Alto-Alto
353560,PARAIBUNA,16.252700816459207,0.05280848310492108,0.363,Não significativo
353570,PARAISO,3.5390963979076866,0.15448197718527482,0.022,Baixo-Baixo
353580,PARANAPANEMA,13.697040046430644,0.02844920562547437,0.394,Não significativo
353590,PARANAPUA,11.869308127238982,0.08799338133619905,0.138,Não significativo
353600,PARAPUA,20.04680157136083,-0.012706559113796936,0.252,Não significativo
353610,PARDINHO,11.85999623270708,0.037414091192955405,0.376,Não significativo
353620,PARIQUERA-ACU,100.61399184332004,0.345060837052627,0.143,Não significativo
353625,PARISI,28.79769618430525,0.022884646104414937,0.102,Não significativo
353630,PATROCINIO PAULISTA,1.887516594416726,0.1605942412116488,0.05,Baixo-Baixo
353640,PAULICEIA,19.8687421223542,0.031373576174718025,0.441,Não significativo
353650,PAULINIA,31.23840383398049,0.006382931631547083,0.478,Não significativo
353657,PAULISTANIA,2.2039538932845524,0.10045353566131794,0.342,Não significativo
353660,PAULO DE FARIA,20.985821774069716,-0.08364672207179707,0.106,Não significativo
353670,PEDERNEIRAS,15.843154760718544,0.04287504543782076,0.42,Não significativo
353680,PEDRA BELA,13.131159550499676,0.08670374502340365,0.172,Não significativo
353690,PEDRANOPOLIS,14.020657101462822,0.08632503924171235,0.069,Não significativo
353700,PEDREGULHO,3.759065388942441,0.19594284579321639,0.001,Baixo-Baixo
353710,PEDREIRA,20.65148833140044,0.02567296793126762,0.444,Não significativo
353715,PEDRINHAS PAULISTA,8.684324793747287,-0.47255397603192634,0.035,Baixo-Alto
353720,PEDRO DE TOLEDO,48.06440630444796,0.11400994758553343,0.083,Não significativo
353730,PENAPOLIS,23.02575352837889,0.00537036751692142,0.34,Não significativo
353740,PEREIRA BARRETO,17.89249983542276,-0.27450617851045406,0.022,Baixo-Alto
353750,PEREIRAS,22.796723785124595,0.033176158465098485,0.362,Não significativo
353760,PERUIBE,114.60570132775396,0.5654082978113562,0.102,Não significativo
353770,PIACATU,11.11525727850865,0.07780464966003377,0.24,Não significativo
353780,PIEDADE,19.261108704582547,0.031358035334127156,0.484,Não significativo
353790,PILAR DO SUL,18.771640625616197,0.0395853947926471,0.446,Não significativo
353800,PINDAMONHANGABA,25.31123782800653,-0.13068538878075886,0.032,Baixo-Alto
353810,PINDORAMA,9.193843572497766,0.13568066254639075,0.014,Baixo-Baixo
353820,PINHALZINHO,8.670341239858798,0.11487572273104286,0.1,Não significativo
353830,PIQUEROBI,12.146535807987563,-0.30790021694411185,0.03,Baixo-Alto
353850,PIQUETE,15.16999496356167,-0.010774088163788347,0.259,Não significativo
353860,PIRACAIA,26.17861770271032,0.030019328174615938,0.153,Não significativo
353870,PIRACICABA,45.71911520491855,-0.032020798689548755,0.295,Não significativo
353880,PIRAJU,22.02378278754439,0.0007436088844494841,0.344,Não significativo
353890,PIRAJUI,170.4209491599471,3.4515717672406687,0.002,Alto-Alto
353900,PIRANGI,9.81169396934042,0.12453940823946831,0.01,Baixo-Baixo
353910,PIRAPORA DO BOM JESUS,43.159482086214965,-0.005250709055231906,0.313,Não significativo
353920,PIRAPOZINHO,19.578500423065854,0.056194293029982426,0.139,Não significativo
353930,PIRASSUNUNGA,32.24277806142219,0.005706813003516754,0.259,Não significativo
353940,PIRATININGA,12.310961939689246,0.0699792123326454,0.322,Não significativo
353950,PITANGUEIRAS,22.93316393042544,0.027835432925214065,0.429,Não significativo
353960,PLANALTO,21.383305470238327,0.06143463097469636,0.028,Baixo-Baixo
353970,PLATINA,16.272951642212035,0.04296139575054346,0.468,Não significativo
353980,POA,40.284586432393,0.02172681350071335,0.18,Não significativo
353990,POLONI,10.899521978107533,0.12956814219965346,0.074,Não significativo
354000,POMPEIA,11.407591118134055,-0.01887852325926892,0.268,Não significativo
354010,PONGAI,11.92947295588481,-0.063560153931241,0.187,Não significativo
354020,PONTAL,34.21926947451056,-0.0005721832214726718,0.48,Não significativo
354025,PONTALINDA,25.036511579386605,0.035147423927741624,0.141,Não significativo
354030,PONTES GESTAL,10.09251471825063,-0.04077094703460877,0.238,Não significativo
354040,POPULINA,6.887391154621931,0.07955402079259076,0.414,Não significativo
354050,PORANGABA,10.473995924663404,-0.05390416689912869,0.204,Não significativo
354060,PORTO FELIZ,40.10337031664511,-0.0008177993965170064,0.331,Não significativo
354070,PORTO FERREIRA,22.230817776511067,0.035545365119984795,0.407,Não significativo
354075,POTIM,258.5384853002404,-0.19368482280519433,0.308,Não significativo
354080,POTIRENDABA,11.06465101318752,0.11366030076980406,0.013,Baixo-Baixo
354085,PRACINHA,469.6348038384592,1.7527887234084474,0.131,Não significativo
354090,PRADOPOLIS,8.128759551292472,0.12068122369635664,0.043,Baixo-Baixo
354100,PRAIA GRANDE,101.08477587558612,1.7631562359934247,0.029,Alto-Alto
354105,PRATANIA,14.288776166321355,0.01649064984281308,0.336,Não significativo
354110,PRESIDENTE ALVES,12.354067576749646,-0.3110192303406576,0.046,Baixo-Alto
354120,PRESIDENTE BERNARDES,184.82214559024987,-0.5677185474521514,0.139,Não significativo
354130,PRESIDENTE EPITACIO,24.57961626881425,-0.20376077321889674,0.033,Baixo-Alto
354140,PRESIDENTE PRUDENTE,41.10290896406843,-0.007804510066829227,0.441,Não significativo
354150,PRESIDENTE VENCESLAU,36.492062129148,0.03730976941735541,0.04,Alto-Alto
354160,PROMISSAO,21.400403962681544,-0.055563082147226626,0.115,Não significativo
354165,QUADRA,5.231356752373728,-0.09164316232477307,0.181,Não significativo
354170,QUATA,13.75344654821238,-0.49371321553747116,0.023,Baixo-Alto
354180,QUEIROZ,16.097168361747276,-0.054586348859696376,0.144,Não significativo
354190,QUELUZ,23.92828116555483,0.04138604863025414,0.254,Não significativo
354200,QUINTANA,15.28930014890449,-0.4274768569967243,0.023,Baixo-Alto
354210,RAFARD,22.03212859099748,0.010104922226626454,0.333,Não significativo
354220,RANCHARIA,31.57640113037722,0.0012646231671288393,0.399,Não significativo
354230,REDENCAO DA SERRA,6.055040316476774,0.09152559065953277,0.296,Não significativo
354240,REGENTE FEIJO,12.844845341418203,-0.005118918264982943,0.278,Não significativo
354250,REGINOPOLIS,236.3199037883344,0.3272523640049146,0.22,Não significativo
354260,REGISTRO,64.0546204486045,0.1323360569291972,0.129,Não significativo
354270,RESTINGA,8.552068942832708,0.13248553073940877,0.073,Não significativo
354280,RIBEIRA,32.75631818983546,0.006069813907627618,0.055,Não significativo
354290,RIBEIRAO BONITO,13.695421044095651,0.06577028645826209,0.277,Não significativo
354300,RIBEIRAO BRANCO,10.55158405655649,0.07585462644406141,0.371,Não significativo
354310,RIBEIRAO CORRENTE,1.9281568748433373,0.1750546882116223,0.014,Baixo-Baixo
354320,RIBEIRAO DO SUL,12.841444845994385,0.008880864594274574,0.295,Não significativo
354323,RIBEIRAO DOS INDIOS,21.449603182341125,-0.11424457621510284,0.065,Não significativo
354325,RIBEIRAO GRANDE,5.605318326027735,0.05496767371743623,0.423,Não significativo
354330,RIBEIRAO PIRES,24.068360067109992,-0.009534012956341447,0.251,Não significativo
354340,RIBEIRAO PRETO,41.18080497282921,-0.02595995746771972,0.222,Não significativo
354350,RIVERSUL,44.70514922036929,-0.03136422807933752,0.482,Não significativo
354360,RIFAINA,2.2926840452117294,0.1747885644327152,0.089,Não significativo
354370,RINCAO,22.24413992823117,0.01824681773728946,0.457,Não significativo
354380,RINOPOLIS,18.78511535768568,0.043300850493642504,0.461,Não significativo
354390,RIO CLARO,26.313173156586576,-0.014752910246379996,0.236,Não significativo
354400,RIO DAS PEDRAS,18.65958176700498,0.028150839565036223,0.464,Não significativo
354410,RIO GRANDE DA SERRA,30.969460995035146,0.0011692466104731114,0.262,Não significativo
354420,RIOLANDIA,154.3349977303677,-0.5037274441554327,0.2,Não significativo
354425,ROSANA,27.063485015709507,0.026633535210697855,0.368,Não significativo
354430,ROSEIRA,14.381916009610505,-0.2074044573448666,0.068,Não significativo
354440,RUBIACEA,9.4492653196214,-0.01820879301950381,0.276,Não significativo
354450,RUBINEIA,9.243364584708834,0.1036510674571212,0.162,Não significativo
354460,SABINO,20.289902121512167,0.05014974801833232,0.229,Não significativo
354470,SAGRES,29.102612387441365,-0.10433999311580369,0.026,Baixo-Alto
354480,SALES,9.616949503617452,0.1003586384251668,0.17,Não significativo
354490,SALES OLIVEIRA,7.440010024434558,0.08444260980927597,0.333,Não significativo
354500,SALESOPOLIS,13.388087880501754,-0.04623405898746418,0.197,Não significativo
354510,SALMOURAO,14.944923561111551,-0.007611582484843456,0.288,Não significativo
354515,SALTINHO,10.400716493802909,0.032517920969010794,0.338,Não significativo
354520,SALTO,22.04167640174041,0.028721874516221386,0.432,Não significativo
354530,SALTO DE PIRAPORA,33.6481257385865,0.00084756230724332,0.445,Não significativo
354540,SALTO GRANDE,64.32287265010235,-0.0826512941789207,0.485,Não significativo
354550,SANDOVALINA,11.68784113886324,-0.0756297501687882,0.167,Não significativo
354560,SANTA ADELIA,5.628628984476834,0.16456332553521721,0.002,Baixo-Baixo
354570,SANTA ALBERTINA,9.819117822400214,0.08737099000470736,0.251,Não significativo
354580,SANTA BARBARA DOESTE,19.131171194067992,0.02304479881623061,0.446,Não significativo
354600,SANTA BRANCA,13.068240528564743,0.09030898612500379,0.126,Não significativo
354610,SANTA CLARA DOESTE,27.48964556683649,0.032214234209329784,0.086,Não significativo
354620,SANTA CRUZ DA CONCEICAO,7.266762864765543,0.08533733998122335,0.336,Não significativo
354625,SANTA CRUZ DA ESPERANCA,4.201945500766855,-0.15360289434966437,0.127,Não significativo
354630,SANTA CRUZ DAS PALMEIRAS,20.72523841270761,0.010941942071194245,0.386,Não significativo
354640,SANTA CRUZ DO RIO PARDO,21.437537315888694,0.03426819440693052,0.272,Não significativo
354650,SANTA ERNESTINA,10.772843815310363,0.09571121101250331,0.241,Não significativo
354660,SANTA FE DO SUL,16.13664346967667,0.08940822129668448,0.02,Baixo-Baixo
354670,SANTA GERTRUDES,18.650672896645823,0.044406796805967944,0.437,Não significativo
354680,SANTA ISABEL,38.75602295153256,-0.007434591021041831,0.434,Não significativo
354690,SANTA LUCIA,17.674657754354392,-0.03832162278983674,0.211,Não significativo
354700,SANTA MARIA DA SERRA,15.98120610162449,0.04386983208920158,0.463,Não significativo
354710,SANTA MERCEDES,26.102845210127903,-0.018552262702362942,0.193,Não significativo
354720,SANTANA DA PONTE PENSA,19.617459538989703,0.07536633345586446,0.016,Baixo-Baixo
354730,SANTANA DE PARNAIBA,28.306217437690098,-0.013674706693301364,0.194,Não significativo
354740,SANTA RITA DOESTE,12.619291742250969,0.08902324424127031,0.114,Não significativo
354750,SANTA RITA DO PASSA QUATRO,15.103998336936096,0.08828771854462529,0.048,Baixo-Baixo
354760,SANTA ROSA DE VITERBO,7.5244679574115105,0.13160018877415527,0.063,Não significativo
354765,SANTA SALETE,11.068987464371697,0.08835599104619157,0.21,Não significativo
354770,SANTO ANASTACIO,33.54030674521042,-0.007709667656949196,0.042,Baixo-Alto
354780,SANTO ANDRE,33.051833040583126,-0.003870657303579587,0.136,Não significativo
354790,SANTO ANTONIO DA ALEGRIA,5.228484785109275,0.1683003898255428,0.023,Baixo-Baixo
354800,SANTO ANTONIO DE POSSE,20.53278631884653,0.03607116265797439,0.414,Não significativo
354805,SANTO ANTONIO DO ARACANGUA,12.3359453356718,0.08774253180411859,0.08,Não significativo
354810,SANTO ANTONIO DO JARDIM,6.194336999463157,0.08669467037683633,0.472,Não significativo
354820,SANTO ANTONIO DO PINHAL,3.112743572184524,-0.38382472845951704,0.062,Não significativo
354830,SANTO EXPEDITO,23.61449339532138,-0.046036088588494076,0.13,Não significativo
354840,SANTOPOLIS DO AGUAPEI,21.5754163541656,0.07457480599668587,0.003,Baixo-Baixo
354850,SANTOS,109.7936316714156,0.9704014222115417,0.056,Não significativo
354860,SAO BENTO DO SAPUCAI,11.100351000754058,-0.6503347545739313,0.018,Baixo-Alto
354870,SAO BERNARDO DO CAMPO,32.047464601541655,-0.016141835014221832,0.07,Não significativo
354880,SAO CAETANO DO SUL,20.877630513660204,-0.03250111256569272,0.164,Não significativo
354890,SAO CARLOS,25.65656742480273,-0.004976174289543683,0.305,Não significativo
354900,SAO FRANCISCO,24.334600760456272,0.04329757992628277,0.101,Não significativo
354910,SAO JOAO DA BOA VISTA,16.031612396419995,0.06923449399174161,0.188,Não significativo
354920,SAO JOAO DAS DUAS PONTES,17.6891533327973,0.04231497220569748,0.493,Não significativo
354925,SAO JOAO DE IRACEMA,25.67993463289366,0.02583050254040593,0.316,Não significativo
354930,SAO JOAO DO PAU DALHO,19.209712430604917,0.014040799277338305,0.358,Não significativo
354940,SAO JOAQUIM DA BARRA,15.455756100980002,0.0827747281514876,0.099,Não significativo
354950,SAO JOSE DA BELA VISTA,3.0985813661645243,0.15804623746620286,0.009,Baixo-Baixo
354960,SAO JOSE DO BARREIRO,13.500321930753731,0.017380882604956228,0.315,Não significativo
354970,SAO JOSE DO RIO PARDO,13.448815980736786,0.06460870269944938,0.311,Não significativo
354980,SAO JOSE DO RIO PRETO,38.42291950672813,-0.01923845945861058,0.087,Não significativo
354990,SAO JOSE DOS CAMPOS,30.168461157567187,0.016715430816171866,0.083,Não significativo
354995,SAO LOURENCO DA SERRA,21.722507993882942,-0.010411661399721273,0.26,Não significativo
355000,SAO LUIS DO PARAITINGA,20.047954707660725,0.026743749138952142,0.47,Não significativo
355010,SAO MANUEL,24.768212652797207,0.025085780473796313,0.362,Não significativo
355020,SAO MIGUEL ARCANJO,17.54284146547358,0.01418865549897949,0.331,Não significativo
355030,SAO PAULO,68.78918730085178,0.09007959607786321,0.183,Não significativo
355040,SAO PEDRO,19.635799689829405,-0.018566923853084016,0.236,Não significativo
355050,SAO PEDRO DO TURVO,18.05684995340168,0.04254729510720628,0.373,Não significativo
355060,SAO ROQUE,24.734202248751224,-0.001416986628219658,0.317,Não significativo
355070,SAO SEBASTIAO,71.8974768001946,0.22563181043980782,0.12,Não significativo
355080,SAO SEBASTIAO DA GRAMA,15.484837463223512,0.09990124071852274,0.012,Baixo-Baixo
355090,SAO SIMAO,10.187632214491607,-0.008119579925082153,0.319,Não significativo
355100,SAO VICENTE,138.58747693345288,1.5126234813143922,0.055,Não significativo
355110,SARAPUI,8.085526906836762,-0.003245284561724071,0.271,Não significativo
355120,SARUTAIA,36.26308870858075,-0.006491837730260918,0.484,Não significativo
355130,SEBASTIANOPOLIS DO SUL,7.001232216870169,0.10285262420295384,0.233,Não significativo
355140,SERRA AZUL,190.8158985539556,-0.7874995668905204,0.035,Alto-Baixo
355150,SERRANA,22.35529952410629,-0.05439449392405031,0.136,Não significativo
355160,SERRA NEGRA,17.62246849409111,0.05862230074661131,0.279,Não significativo
355170,SERTAOZINHO,29.13797936942764,0.007616484525296599,0.448,Não significativo
355180,SETE BARRAS,46.29481817311069,0.0017452003712843066,0.318,Não significativo
355190,SEVERINIA,18.56059753875228,0.05047382725772133,0.344,Não significativo
355200,SILVEIRAS,7.8217216320377725,0.038836346063221165,0.439,Não significativo
355210,SOCORRO,17.805390441976822,0.08361792219440434,0.018,Baixo-Baixo
355220,SOROCABA,40.361586421356485,0.005137458887666051,0.273,Não significativo
355230,SUD MENNUCCI,6.193310099036658,0.14124368973739584,0.013,Baixo-Baixo
355240,SUMARE,23.6734143501445,0.007486202865955644,0.355,Não significativo
355250,SUZANO,39.81276677001869,0.004033113420976576,0.288,Não significativo
355255,SUZANAPOLIS,13.972689742775485,0.10645257597831843,0.022,Baixo-Baixo
355260,TABAPUA,11.5385331174511,0.11098303444774137,0.018,Baixo-Baixo
355270,TABATINGA,21.69492309872925,0.040497797777612185,0.366,Não significativo
355280,TABOAO DA SERRA,44.170642870705926,0.035325368198829685,0.154,Não significativo
355290,TACIBA,24.34135166093929,-0.007572356314846294,0.283,Não significativo
355300,TAGUAI,14.638468353942756,0.019390896219104226,0.354,Não significativo
355310,TAIACU,7.944245838298486,0.0838149859760813,0.333,Não significativo
355320,TAIUVA,29.19666445911399,0.01673053371732105,0.29,Não significativo
355330,TAMBAU,14.173674761409806,0.04173703650947034,0.491,Não significativo
355340,TANABI,18.041330109949023,0.07747329230197209,0.027,Baixo-Baixo
355350,TAPIRAI,16.425418334873214,0.010750762689698065,0.389,Não significativo
355360,TAPIRATIBA,7.360542806574973,0.10673678416347437,0.269,Não significativo
355365,TAQUARAL,13.944408292274796,0.040307075485761755,0.404,Não significativo
355370,TAQUARITINGA,22.687147377750424,0.049827387496466057,0.035,Baixo-Baixo
355380,TAQUARITUBA,55.46703789703796,-0.05295332510582342,0.496,Não significativo
355385,TAQUARIVAI,19.997778024663926,0.026978246138744378,0.402,Não significativo
355390,TARABAI,20.73532651659474,-0.04003857610732497,0.185,Não significativo
355395,TARUMA,15.481049931125124,-0.19866634783485854,0.059,Não significativo
355400,TATUI,27.13106827170203,-0.024341616552254423,0.151,Não significativo
355410,TAUBATE,38.09727867146747,-0.0018103453132546933,0.355,Não significativo
355420,TEJUPA,18.7726277209136,0.009486012914534095,0.345,Não significativo
355430,TEODORO SAMPAIO,18.86410840833599,-0.15949255768235004,0.066,Não significativo
355440,TERRA ROXA,11.24497170867345,0.08342179297155232,0.248,Não significativo
355450,TIETE,19.795097721031837,0.028261721322209,0.438,Não significativo
355460,TIMBURI,17.638946794522308,0.031027788800099265,0.438,Não significativo
355465,TORRE DE PEDRA,15.43448062972681,-0.13336676519829646,0.109,Não significativo
355470,TORRINHA,7.2090581816051875,0.12320820747321438,0.116,Não significativo
355475,TRABIJU,34.64911111703403,-0.002796627274367442,0.24,Não significativo
355480,TREMEMBE,131.82638062708676,-0.26130785135333795,0.484,Não significativo
355490,TRES FRONTEIRAS,12.07909676777581,0.1077441323166727,0.046,Baixo-Baixo
355495,TUIUTI,5.511843573879373,0.1150170178709936,0.161,Não significativo
355500,TUPA,36.62891054500548,-0.01320798309850478,0.011,Alto-Baixo
355510,TUPI PAULISTA,167.4199141582104,0.3131551823910074,0.173,Não significativo
355520,TURIUBA,4.4216483905199855,0.12116393452684934,0.088,Não significativo
355530,TURMALINA,12.907389480477574,0.0913963583516305,0.08,Não significativo
355535,UBARANA,17.928741402353555,0.05395491794450622,0.313,Não significativo
355540,UBATUBA,60.57714144277706,-0.01610763065609091,0.312,Não significativo
355550,UBIRAJARA,6.3005166423646735,0.07387350202145454,0.441,Não significativo
355560,UCHOA,16.70700623299848,0.0812607645947836,0.044,Baixo-Baixo
355570,UNIAO PAULISTA,16.08104848436118,0.08242879130205814,0.113,Não significativo
355580,URANIA,21.67796905705547,0.054830873349057736,0.076,Não significativo
355590,URU,18.815265452036755,-0.7990764920627568,0.002,Baixo-Alto
355600,URUPES,6.124389575644269,0.15492652067857174,0.007,Baixo-Baixo
355610,VALENTIM GENTIL,8.591096044874158,0.06771516760653913,0.491,Não significativo
355620,VALINHOS,14.03840189579462,0.04909976740903101,0.474,Não significativo
355630,VALPARAISO,153.1803512737764,2.8847274124322415,0.019,Alto-Alto
355635,VARGEM,6.441609113956667,0.08798123838944859,0.392,Não significativo
355640,VARGEM GRANDE DO SUL,18.233406800101083,0.03513836826515723,0.484,Não significativo
355645,VARGEM GRANDE PAULISTA,32.26453097108602,-0.0019500479009744683,0.198,Não significativo
355650,VARZEA PAULISTA,25.164907575101765,0.00281511093355997,0.249,Não significativo
355660,VERA CRUZ,21.57082682940221,-0.17002578481728545,0.044,Baixo-Alto
355670,VINHEDO,19.93064647711404,0.053966853101724555,0.251,Não significativo
355680,VIRADOURO,14.619028127010116,0.060359518777331825,0.392,Não significativo
355690,VISTA ALEGRE DO ALTO,10.873307841467172,0.1201267079326173,0.036,Baixo-Baixo
355695,VITORIA BRASIL,30.998140111593305,0.01299556750140547,0.166,Não significativo
355700,VOTORANTIM,34.24222975395983,-0.00043367178704875435,0.388,Não significativo
355710,VOTUPORANGA,26.52355396541443,0.029792565865959405,0.098,Não significativo
355715,ZACARIAS,10.467002773755736,0.08980113041104387,0.17,Não significativo
355720,CHAVANTES,22.9280094723478,0.02703223882476729,0.474,Não significativo
355730,ESTIVA GERBI,5.679997078858645,0.06412747865436404,0.39,Não significativo
