estado,cod_mun6,municipio,casos_acumulados,pop_pessoa_ano,pop_media,incidencia_media_anual,incidencia_mediana_anual,incidencia_max_anual,anos_com_casos,anos_zero,incidencia_periodo_100mil_pessoa_ano,log_casos_acumulados_mais1,log_inc_periodo_mais1,inc_raw,inc_eb_global,inc_eb_spatial,reducao_%
RJ,330130,CASIMIRO DE ABREU,273,200352,8348.0,136.43249249570965,110.05844194666984,401.2539184952978,24,0,136.26018207954002,5.613128106388071,4.921878264009844,136.26018207954002,134.9864324769896,128.4464197187615,-5.734442917606956
RJ,330455,RIO DE JANEIRO,196776,149424025,6226001.041666667,131.82125884488292,129.89395181795388,153.79684043891226,24,0,131.68966637058531,12.18982638685177,4.888013066192824,131.68966637058531,131.6880883920996,131.68689397856122,-0.0021052464483409055
RJ,330227,JAPERI,2727,2251014,93792.25,121.15914690880906,104.02584702980052,288.7316361785634,24,0,121.14540380468534,7.911324018963353,4.805212169527013,121.14540380468534,121.06841968032668,120.77683769225403,-0.30423449908634137
RJ,330360,PARACAMBI,1190,1053975,43915.625,111.618833620592,113.61499195368964,244.0370087428911,24,0,112.9059038402239,7.0825485693553,4.735372702649982,112.9059038402239,112.78772137453338,112.62522596810697,-0.248594504423896
RJ,330330,NITEROI,12962,11576382,482349.25,112.49284674193692,100.8548192858137,198.1877504392152,24,0,111.96935277360406,9.469854424600042,4.727116567534181,111.96935277360406,111.95901409307275,111.92798400903085,-0.036946506832858286
RJ,330170,DUQUE DE CAXIAS,22001,19841999,826749.9583333334,110.97354471982958,114.59413589514789,149.53963247219278,24,0,110.88096516888244,9.99888863729938,4.717435495118879,110.88096516888243,110.87525472038936,110.8889206007959,0.007174749878264524
RJ,330320,NILOPOLIS,3747,3683170,153465.41666666666,101.41503807685694,92.17262506664017,176.11105355847923,24,0,101.7330180252337,8.228977643358313,4.632133565023388,101.7330180252337,101.71688769342053,102.22388971687292,0.4825097113677082
RJ,330350,NOVA IGUACU,18868,18916375,788182.2916666666,99.86404630762031,94.15970456534752,165.3574767556705,24,0,99.74426918476716,9.845275642787714,4.612585317668204,99.74426918476716,99.74174294759317,99.77524921773077,0.031059461577911972
RJ,330510,SAO JOAO DE MERITI,9864,10853509,452229.5416666667,90.8330166218551,89.5242349605081,104.6497177727924,24,0,90.88304989658184,9.196748418456716,4.520516571616754,90.88304989658184,90.88345002588652,90.98896261848748,0.1165373763602345
RJ,330250,MAGE,4510,5387978,224499.0833333333,83.71028919423229,84.80552244248196,127.38488256834135,24,0,83.70487036138604,8.414274137408396,4.439173101319937,83.70487036138604,83.71350757394929,83.72015427049364,0.018259282932532116
RJ,330414,QUEIMADOS,2636,3272183,136340.95833333334,81.26755607305833,78.40995382991116,139.9641691726918,23,1,80.55784166105624,7.877397186353287,4.401312482151785,80.55784166105624,80.5777033149924,80.769331290002,0.2625313992839952
RJ,330285,MESQUITA,3155,4038670,168277.91666666666,78.00610383446785,80.6221063439064,114.8112491105118,23,1,78.11977705531771,8.057060681965766,4.37096286950611,78.11977705531771,78.13942213071928,78.46821888006154,0.4460353547823022
RJ,330045,BELFORD ROXO,7931,11274046,469751.9166666667,70.74959238247278,67.14329593893552,105.11163927292203,24,0,70.34741564829521,8.978660489639687,4.267561122500148,70.34741564829521,70.3585145689342,70.44753150191525,0.1423163206457684
RJ,330010,ANGRA DOS REIS,2661,3827302,159470.91666666666,70.32065769569473,69.08778598949047,110.9168043006574,24,0,69.52678414193602,7.886832998955056,4.255992554574962,69.52678414193602,69.56070484175933,69.46392558619075,-0.09040912293159153
RJ,330190,ITABORAI,3552,5167694,215320.5833333333,69.0874757559141,65.3612385085187,100.9061770408769,24,0,68.73471997374457,8.175547596021026,4.244698328225691,68.73471997374457,68.76075332380626,68.58183649340927,-0.22242540653937878
RJ,330200,ITAGUAI,1730,2565981,106915.875,68.13324219703065,65.0694080527287,103.10866705381795,24,0,67.42060833653873,7.456454555176209,4.225674070719209,67.42060833653873,67.47598408144412,68.44766456858096,1.523356518700547
RJ,330630,VOLTA REDONDA,4051,6174986,257291.0833333333,65.16435713742543,64.31240750978796,110.8902685156052,24,0,65.6033876028221,8.306965865368573,4.198755441160007,65.6033876028221,65.62815969911223,65.54596392746147,-0.08753157033334981
RJ,330025,ARRAIAL DO CABO,437,677602,28233.416666666668,64.00370916431046,64.7260618365768,109.68253001035887,24,0,64.49213550137101,6.082218910376446,4.181930066751026,64.49213550137101,64.72572114177841,63.83055236371429,-1.0258353712642307
RJ,330070,CABO FRIO,2862,4506793,187783.04166666663,64.01833146475651,63.0258340786684,83.84496794958483,24,0,63.50413697722527,7.959625305098115,4.166729360926684,63.504136977225265,63.54080411512928,63.460380351086904,-0.06890358364220185
RJ,330100,CAMPOS DOS GOYTACAZES,6999,11044343,460180.9583333333,62.48117164515924,56.7647516226327,110.96010425460156,24,0,63.37180944126781,8.85366542803745,4.164675795678266,63.371809441267814,63.38685399209179,63.35548703289574,-0.025756576174779614
RJ,330490,SAO GONCALO,14271,22702586,945941.0833333334,62.99463187859419,60.62154623944934,84.77435856845894,24,0,62.86068027668743,9.566054854819791,4.156703839855758,62.860680276687425,62.868133603400075,62.8692558264804,0.013642152384012328
RJ,330380,PARATY,584,930993,38791.375,60.67981545224404,62.0603297533387,103.88347368653714,24,0,62.7287208389322,6.371611847231857,4.154635337556152,62.7287208389322,62.910206837679766,66.14289679681816,5.442763557465975
RJ,330600,TRES RIOS,1147,1847181,76965.875,61.84322361697736,59.70053973982269,103.69194531209996,24,0,62.09461877314676,7.045776576879511,4.144635484977844,62.094618773146756,62.1883886922657,61.943688493547725,-0.24306499110725138
RJ,330060,BOM JESUS DO ITABAPOANA,510,842855,35118.958333333336,60.81256777594942,55.32421822062565,147.73188111928624,24,0,60.50862841176715,6.236369590203704,4.119177464349763,60.50862841176715,60.724354355428716,60.536265221254375,0.0456741628634442
RJ,330220,ITAPERUNA,1382,2311651,96318.79166666669,60.0896779016158,56.77385367291709,90.42408897730355,24,0,59.78411100983669,7.232010331664759,4.1073284227438895,59.78411100983669,59.86495502934598,59.77173168204268,-0.02070671886712228
RJ,330260,MANGARATIBA,514,862878,35953.25,60.07879522579564,60.09685341702925,115.96892032935176,24,0,59.56809653276593,6.244166900663736,4.103768294591275,59.56809653276593,59.78522152752289,59.87804987841506,0.5203344805195209
RJ,330023,ARMACAO DOS BUZIOS,417,721104,30046.0,60.40668768027948,53.70221860533242,106.71323244082264,24,0,57.82799707115756,6.035481432524756,4.074617882251529,57.82799707115756,58.10155067050126,62.02966552237458,7.265803181885841
RJ,330240,MACAE,2825,4957226,206551.0833333333,57.89335315330893,56.41701550182758,75.96999875685457,24,0,56.98751680879589,7.946617563244473,4.060227759947118,56.98751680879589,57.028583100321775,56.964536222025416,-0.040325650348263034
RJ,330110,CANTAGALO,174,306082,12753.416666666666,56.69602243161062,43.05144062274768,133.97430845614312,23,1,56.84751145117976,5.1647859739235145,4.057810435448725,56.847511451179756,57.50348002537667,54.900401301852305,-3.425145797278417
RJ,330452,RIO DAS OSTRAS,1448,2594835,108118.125,58.4138890008013,55.90579392704878,87.76654100093751,24,0,55.80316282152816,7.278628942320682,4.039592007654447,55.803162821528154,55.88421205312671,55.843193849928014,0.07173612816156688
RJ,330620,VASSOURAS,452,811493,33812.208333333336,56.18553533548934,53.87856539664875,109.29985634876024,24,0,55.69980270932712,6.115892125483034,4.037770731174339,55.69980270932712,55.95842802126024,54.663046268799036,-1.8613287482156178
RJ,330400,PIRAI,343,624241,26010.041666666668,55.03367054762387,54.23795267865497,114.101353478124,24,0,54.946727305639975,5.840641657373398,4.024399939850357,54.946727305639975,55.28924041197504,54.95591553950409,0.0167220766634676
RJ,330555,SEROPEDICA,1009,1843055,76793.95833333333,55.51667916453528,46.08273597719328,127.3956685472694,24,0,54.74606020981468,6.917705609835305,4.020806738960817,54.74606020981468,54.863428697473,56.70204609530973,3.572834059654198
RJ,330430,RIO BONITO,714,1316724,54863.5,54.207597185037145,54.71314587968257,92.40173430947472,24,0,54.22548689019111,6.572282542694008,4.011424565748821,54.22548689019111,54.39187832747758,54.19615088532429,-0.054100030353291376
RJ,330280,MENDES,224,424639,17693.291666666668,52.830585623295725,61.68355907485233,121.01653892698668,24,0,52.75068940912163,5.41610040220442,3.984356493141733,52.75068940912163,53.2820183727228,52.815256005936426,0.12239953171803411
RJ,330230,LAJE DO MURIAE,95,180652,7527.166666666667,52.65255743635834,54.01791133271707,108.68088574921885,22,2,52.587294909549854,4.564348191467836,3.981312004709865,52.587294909549854,53.81874769248857,55.40692284108777,5.361804474612501
RJ,330185,GUAPIMIRIM,609,1177019,49042.458333333336,51.97868088254962,49.53151065468954,79.32769776147153,24,0,51.74088098832729,6.413458957167357,3.9653908851528463,51.74088098832729,51.93928461376116,51.8294158172587,0.1711119471494532
RJ,330270,MARICA,1680,3395562,141481.75,52.29712413138253,49.29517213741292,92.8879189748755,24,0,49.47634588913411,7.427144133408616,3.921504828313626,49.47634588913411,49.549261610640826,49.578384324453125,0.206236805659947
RJ,330300,MIRACEMA,312,647839,26993.291666666668,48.14652533019635,46.95029440786071,100.42027745750734,24,0,48.16011385544865,5.746203190540153,3.895082600713229,48.16011385544865,48.55135675820787,48.549058233064194,0.8076068482374256
RJ,330550,SAQUAREMA,859,1813410,75558.75,46.6465148003312,45.169704833121145,71.34239101925196,24,0,47.3693207823934,6.756932389247553,3.87886574461088,47.369320782393395,47.512463359962055,47.346413977936564,-0.04835789088482135
RJ,330395,PINHEIRAL,258,544785,22699.375,47.79099704698546,43.89272225663083,93.61542782250515,24,0,47.35813210716154,5.556828061699537,3.878634400252116,47.35813210716154,47.83116397177244,47.85739105881267,1.054220108431241
RJ,330410,PORCIUNCULA,188,414732,17280.5,45.58704981186239,34.79798045982483,118.510158013544,24,0,45.33047847766751,5.241747015059643,3.8358000269743537,45.330478477667505,45.97813891439164,44.88862620958029,-0.9747355045124882
RJ,330180,ENGENHEIRO PAULO DE FRONTIN,138,304851,12702.125,44.99167285465435,39.15545488090233,159.68367424530453,24,0,45.26801617839535,4.934473933130692,3.83445092710015,45.26801617839535,46.145882275102636,45.79920572245367,1.1734323456211835
RJ,330390,PETROPOLIS,3073,6937695,289070.625,44.346320139558536,41.32433111849929,77.92361398589722,24,0,44.29425046791477,8.03073492409854,3.8131801031957218,44.29425046791477,44.33436162191937,44.335143810701766,0.0923220109946678
RJ,330420,RESENDE,1283,2899220,120800.83333333331,44.10366705427092,41.17362718785176,77.70684909620398,24,0,44.25328191720532,7.157735484249907,3.81227519607289,44.25328191720532,44.349235801253705,43.801087043137095,-1.0218335329665493
RJ,330470,SANTO ANTONIO DE PADUA,424,975308,40637.833333333336,43.454819117913566,44.48805420634774,88.7423935091278,24,0,43.47344633695202,6.052089168924417,3.794892299539848,43.47344633695202,43.76222272919339,43.31279811369768,-0.3695318333154367
RJ,330020,ARARUAMA,1159,2709360,112890.0,43.10381370737274,41.81202905914432,61.63618696793469,24,0,42.777630141435615,7.05617528410041,3.779122959552273,42.777630141435615,42.88349173183754,42.854938258734485,0.18072089791619111
RJ,330140,CONCEICAO DE MACABU,208,497976,20749.0,42.2569762704582,33.38225423236688,126.23606143488324,24,0,41.76908124086302,5.342334251964811,3.755815440616062,41.76908124086302,42.35133587936435,41.72168367177731,-0.11347524934145242
RJ,330245,MACUCO,51,126225,5259.375,40.12369188021236,37.48599676182253,124.95537308104248,18,6,40.4040404040404,3.951243718581428,3.723378470369748,40.4040404040404,42.68553845379684,39.77460091337009,-1.557862739409029
RJ,330575,TANGUA,289,721555,30064.791666666668,40.37022483045879,39.28449240507919,89.11663139133341,24,0,40.0523868589366,5.66988092298052,3.714848979370962,40.0523868589366,40.46957307227585,40.80151984720839,1.8703828835724943
RJ,330580,TERESOPOLIS,1535,3839816,159992.33333333334,40.16695505157784,37.40190785369263,64.39420452159305,24,0,39.97587384395502,7.336936913707618,3.7129834506735113,39.97587384395502,40.05490447359797,39.948513345201334,-0.0684425282621418
RJ,330187,IGUABA GRANDE,220,555456,23144.0,40.09264843600638,41.78221719906381,69.58942240779402,24,0,39.60709759188847,5.3981627015177525,3.703942868863081,39.60709759188847,40.152396137096865,39.9491056682885,0.8635019912948074
RJ,330225,ITATIAIA,269,692697,28862.375,38.21962256809923,35.30273463780253,83.81667616588997,24,0,38.83371806143234,5.598421958998375,3.684713741102813,38.83371806143234,39.27840411235233,42.080611536003666,8.361016242212385
RJ,330412,QUATIS,117,305669,12736.208333333334,39.1293673743736,34.15150080228502,147.67199444058377,24,0,38.2766979968528,4.770684624465665,3.670631416736176,38.2766979968528,39.28431701175679,37.91736168318068,-0.9387860825969605
RJ,330520,SAO PEDRO DA ALDEIA,784,2135928,88997.0,37.18006190455336,36.29786533422967,57.68792175907914,24,0,36.70535710941567,6.665683717782408,3.629802182751933,36.70535710941567,36.856245540096594,36.956666327575455,0.6846663210785565
RJ,330530,SAO SEBASTIAO DO ALTO,74,201713,8404.708333333334,36.53895539031251,29.66551725267358,117.67474699929394,22,2,36.68578624084714,4.31748811353631,3.629283000573804,36.68578624084714,38.24307548760611,35.938266190817025,-2.0376285385368282
RJ,330411,PORTO REAL,148,409240,17051.666666666668,36.05786942571501,32.62021831598687,65.57377049180327,24,0,36.16459779102727,5.003946305945459,3.615356635867311,36.16459779102727,36.950763841277045,37.05547330467171,2.4633911838097973
RJ,330370,PARAIBA DO SUL,347,981105,40879.375,35.07796660004518,33.02243482821881,62.95105555430652,23,1,35.368283720906526,5.8522024797744745,3.5936970684685194,35.368283720906526,35.70369071544431,35.68553980168306,0.8970072827961534
RJ,330540,SAPUCAIA,148,421513,17563.041666666668,35.08232421707657,36.95160619304319,69.64596633778294,24,0,35.11160984358727,5.003946305945459,3.5866144159513325,35.11160984358727,35.889699343876174,35.253490386684334,0.40408441461130923
RJ,330040,BARRA MANSA,1467,4185415,174392.29166666666,35.04642801237562,36.72496781315343,50.50302157282479,24,0,35.05028772535101,7.291656209174461,3.58491484498485,35.05028772535101,35.12971766149607,35.10898731165752,0.16747248058695358
RJ,330290,MIGUEL PEREIRA,206,606732,25280.5,34.509007550515406,25.233534084044923,87.05745792222866,22,2,33.95238754507756,5.332718793265369,3.5539867795104603,33.95238754507756,34.506364603761035,35.43406315159928,4.363980602408426
RJ,330030,BARRA DO PIRAI,754,2238328,93263.66666666669,33.73805504380989,33.59924661999037,51.62101199627431,24,0,33.685858372856885,6.626717749249025,3.546332064198824,33.685858372856885,33.837779876154656,33.829961485827006,0.427785189188576
RJ,330205,ITALVA,109,331644,13818.5,33.281971677403874,29.54187705886217,69.78367062107466,24,0,32.86656776543522,4.700480365792417,3.5224283261600555,32.86656776543522,33.89097083566737,35.172687116143095,7.016611430698736
RJ,330080,CACHOEIRAS DE MACACU,428,1303167,54298.625,32.70804698033145,33.00126690876828,65.08632502055357,23,1,32.84306616112901,6.061456918928017,3.521734138231777,32.84306616112901,33.10730620860033,33.03048276564619,0.5706428370533699
RJ,330160,DUAS BARRAS,85,260596,10858.166666666666,32.726869545178864,32.704025758372644,65.86375611592021,21,3,32.6175382584537,4.454347296253507,3.5150479027669603,32.6175382584537,33.92056281131833,31.780170497978503,-2.567231634221108
RJ,330150,CORDEIRO,156,485936,20247.33333333333,32.28879433536194,28.608626284563638,73.86693399461826,24,0,32.10299298673076,5.056245805348308,3.4996237008549858,32.10299298673076,32.81516115435508,32.085782828315665,-0.05360920217691253
RJ,330560,SILVA JARDIM,158,513033,21376.375,30.832325907925853,32.786117582966696,56.20345651257552,24,0,30.797239163952412,5.068904202220232,3.459379467273531,30.797239163952415,31.48702728484637,30.99624344012108,0.6461757013648027
RJ,330610,VALENCA,512,1671861,69660.875,30.70181906849706,27.106260800817907,50.71875724553675,24,0,30.62455551029661,6.240275845170769,3.453933891938528,30.62455551029661,30.838509018408647,30.831148793704138,0.6746001042792847
RJ,330015,APERIBE,74,242299,10095.791666666666,30.77852776848935,29.09361751060461,66.30566913471102,24,0,30.540778129501152,4.31748811353631,3.451281252425908,30.540778129501152,31.98911001963717,31.24450116370438,2.304207938708218
RJ,330415,QUISSAMA,142,473321,19721.70833333333,30.53720879352472,27.3660035908949,65.0110518788194,24,0,30.00078171050936,4.962844630259907,3.4340124206352605,30.000781710509358,30.757513767527932,30.01505601407174,0.047579772087673895
RJ,330022,AREAL,78,271160,11298.333333333334,29.7130373313273,21.136109280849947,119.4981079466242,21,3,28.76530461720018,4.3694478524670215,3.393343440626568,28.76530461720018,30.100471289947862,31.20431665196167,8.47900645315289
RJ,330340,NOVA FRIBURGO,1256,4417187,184049.4583333333,28.31924363632694,28.599445045518205,39.48636141076872,24,0,28.43438595649222,7.136483208590247,3.382163581263556,28.43438595649222,28.518456152295943,28.477354979083557,0.1511164076378634
RJ,330090,CAMBUCI,99,354021,14750.875,27.959909955844367,27.11226300786094,60.84369929691726,24,0,27.96444278729228,4.605170185988092,3.366068966914634,27.96444278729228,29.00530956763539,28.714134234338562,2.6808738967148638
RJ,330310,NATIVIDADE,99,362807,15116.958333333334,27.29133151748915,26.499739637358843,72.89112716188457,24,0,27.287235362052,4.605170185988092,3.342410655619456,27.287235362051998,28.31410735097558,28.803565551391813,5.55692128286677
RJ,330385,PATY DO ALFERES,176,656070,27336.25,27.01133256037558,24.16422561190272,51.85480654168328,24,0,26.826405718901945,5.176149732573829,3.3259854158819926,26.826405718901945,27.40244391964213,29.032873578007116,8.22498504729051
RJ,330480,SAO FIDELIS,252,963479,40144.958333333336,25.80272481042737,23.913832777274656,74.06461499169966,24,0,26.15521459211877,5.53338948872752,3.301569093945688,26.15521459211877,26.552651706863376,26.77480430936523,2.3688955602496073
RJ,330210,ITAOCARA,135,551300,22970.83333333333,24.463500697211696,21.83167785808535,52.38573361854454,24,0,24.48757482314529,4.912654885736052,3.238191071576315,24.487574823145295,25.196630412761785,25.07597720737474,2.4028609957458813
RJ,330050,BOM JARDIM,144,621399,25891.625,23.51249579856763,22.650966606444683,42.69125683060109,24,0,23.173516532855704,4.976733742420574,3.185257675769072,23.173516532855704,23.815663018807168,24.78423327693195,6.9506789864738545
RJ,330513,SAO JOSE DE UBA,35,166317,6929.875,21.13946498325572,21.325422981788225,70.72135785007072,18,6,21.04415062801758,3.58351893845611,3.093047289059592,21.04415062801758,23.45608251131886,26.87484525704352,27.706961103305932
RJ,330500,SAO JOAO DA BARRA,166,797770,33240.416666666664,19.945739110985027,13.39791200962178,61.10358385802715,24,0,20.80800230642917,5.117993812416755,3.082276980714864,20.80800230642917,21.32654445117351,21.770045389146233,4.623428374091514
RJ,330570,SUMIDOURO,72,357635,14901.458333333334,20.105461751038664,19.74276854884596,39.92812936713915,20,4,20.132257748822123,4.290459441148391,3.050800676313722,20.132257748822123,21.289568873090303,21.857549920684505,8.569789803944484
RJ,330515,SAO JOSE DO VALE DO RIO PRETO,100,498094,20753.916666666668,20.316159325871453,19.198760952553265,39.89428015758241,23,1,20.076531738989026,4.61512051684126,3.0481601816259043,20.076531738989026,20.911950764297963,22.226461483895157,10.708671063592748
RJ,330120,CARMO,174,876302,36512.583333333336,20.978525845217373,20.10313619121945,54.93211959507181,24,0,19.856168307273062,5.1647859739235145,3.0376497465676198,19.856168307273062,20.334899481953084,20.058877558901393,1.0208880610368378
RJ,330440,RIO CLARO,80,413363,17223.458333333332,19.37905093272435,17.224551634794093,50.92225868507412,22,2,19.353449631437744,4.394449154672439,3.013250412580916,19.353449631437744,20.367858577728956,20.98300018305616,8.419948808358036
RJ,330095,COMENDADOR LEVY GASPARIAN,87,473095,19712.291666666668,18.35879440269554,15.342142488065235,50.426100549644495,23,1,18.389541212652848,4.477336814478207,2.9647338079459,18.389541212652848,19.28928943085138,19.41931994441371,5.599806541406965
RJ,330590,TRAJANO DE MORAES,39,246440,10268.333333333334,15.94463074691467,9.713924934275669,99.37394415184338,17,7,15.825353027105988,3.688879454113936,2.8228868576052277,15.825353027105988,17.59311863930981,17.608569467595814,11.268098963956733
RJ,330450,RIO DAS FLORES,32,204954,8539.75,15.730900581774618,11.95544898509664,46.72351360822334,17,7,15.61325956068191,3.49650756146648,2.810201145232323,15.61325956068191,17.73478187911073,18.372595307087863,17.673028080277682
RJ,330460,SANTA MARIA MADALENA,35,248163,10340.125,14.1071002220185,14.303338631817244,47.94323520951194,14,10,14.103633498950286,3.58351893845611,2.714935343943903,14.103633498950286,15.899292535278502,19.034603796435448,34.96241091242315
RJ,330475,SAO FRANCISCO DE ITABAPOANA,129,973681,40570.04166666666,13.079931858559208,10.646077622545976,58.01406260877637,22,2,13.248692333526073,4.867534450455582,2.6566651364355507,13.248692333526073,13.719528061041872,14.206565605503148,7.229945777766746
RJ,330115,CARDOSO MOREIRA,53,407334,16972.25,13.258277140861232,11.569903713088074,38.73216706474727,19,5,13.011435333166396,3.9889840465642745,2.639873805719796,13.011435333166395,14.130965107981373,16.313449901071394,25.37778871703802
RJ,330615,VARRE-SAI,8,226554,9439.75,3.5155360599545395,0.0,20.848535390388825,6,18,3.5311669624019,2.19722457733622,1.5109795139140418,3.5311669624018998,5.761435597551207,5.506236112290814,55.93247702299165
RJ,330093,CARAPEBUS,49,11088911,462037.9583333333,0.4369619874123659,0.4179665551156677,1.253892290652233,19,5,0.4418828864259078,3.912023005428146,0.3659498194937546,0.44188288642590784,0.4902462141278336,0.4466507154942197,1.0789802490147573
